Record Length,2.500000e+03,,  -1.920000000000,  -0.03200,
Sample Interval,1.000000e-03,,  -1.919000000000,  -0.02600,
Trigger Point,1.920000000000e+03,,  -1.918000000000,  -0.02600,
,,,  -1.917000000000,  -0.03000,
,,,  -1.916000000000,  -0.02600,
,,,  -1.915000000000,  -0.02600,
Source,CH1,,  -1.914000000000,  -0.02200,
Vertical Units,V,,  -1.913000000000,  -0.02000,
Vertical Scale,5.000000e-02,,  -1.912000000000,  -0.02600,
Vertical Offset,2.000000e-03,,  -1.911000000000,  -0.02000,
Horizontal Units,s,,  -1.910000000000,  -0.02000,
Horizontal Scale,2.500000e-01,,  -1.909000000000,  -0.02000,
Pt Fmt,Y,,  -1.908000000000,  -0.01600,
Yzero,0.000000e+00,,  -1.907000000000,  -0.01000,
Probe Atten,1.000000e+00,,  -1.906000000000,  -0.01400,
Model Number,TDS1001B,,  -1.905000000000,  -0.01200,
Serial Number,C056637,,  -1.904000000000,  -0.01400,
Firmware Version,FV:v22.01,,  -1.903000000000,  -0.01200,
,,,-01.902000000000,  -0.01400,
,,,-01.901000000000,  -0.00800,
,,,-01.900000000000,  -0.01000,
,,,-01.899000000000,  -0.01600,
,,,-01.898000000000,  -0.01400,
,,,-01.897000000000,  -0.01200,
,,,-01.896000000000,  -0.01000,
,,,-01.895000000000,  -0.00800,
,,,-01.894000000000,  -0.00400,
,,,-01.893000000000,  -0.00600,
,,,-01.892000000000,  -0.00600,
,,,-01.891000000000,  -0.00200,
,,,-01.890000000000,  -0.01400,
,,,-01.889000000000,  -0.00400,
,,,-01.888000000000,  -0.00600,
,,,-01.887000000000,  -0.01000,
,,,-01.886000000000,  -0.01000,
,,,-01.885000000000,  -0.01000,
,,,-01.884000000000,  -0.01000,
,,,-01.883000000000,  -0.00800,
,,,-01.882000000000,  -0.01000,
,,,-01.881000000000,  -0.00600,
,,,-01.880000000000,  -0.01000,
,,,-01.879000000000,  -0.01200,
,,,-01.878000000000,  -0.00600,
,,,-01.877000000000,  -0.01000,
,,,-01.876000000000,  -0.00600,
,,,-01.875000000000,  -0.00400,
,,,-01.874000000000,  -0.01000,
,,,-01.873000000000,  -0.01000,
,,,-01.872000000000,  -0.00800,
,,,-01.871000000000,  -0.01000,
,,,-01.870000000000,  -0.00400,
,,,-01.869000000000,  -0.00600,
,,,-01.868000000000,  -0.01200,
,,,-01.867000000000,  -0.00200,
,,,-01.866000000000,  -0.00600,
,,,-01.865000000000,  -0.00800,
,,,-01.864000000000,  -0.00600,
,,,-01.863000000000,  -0.01000,
,,,-01.862000000000,  -0.00800,
,,,-01.861000000000,  -0.00800,
,,,-01.860000000000,  -0.00800,
,,,-01.859000000000,  -0.00400,
,,,-01.858000000000,  -0.00200,
,,,-01.857000000000,  -0.00400,
,,,-01.856000000000,  -0.00400,
,,,-01.855000000000,   0.00000,
,,,-01.854000000000,  -0.00400,
,,,-01.853000000000,  -0.00600,
,,,-01.852000000000,  -0.00600,
,,,-01.851000000000,  -0.00400,
,,,-01.850000000000,  -0.00800,
,,,-01.849000000000,  -0.00200,
,,,-01.848000000000,  -0.00400,
,,,-01.847000000000,  -0.00400,
,,,-01.846000000000,  -0.00200,
,,,-01.845000000000,   0.00000,
,,,-01.844000000000,  -0.00600,
,,,-01.843000000000,  -0.00800,
,,,-01.842000000000,  -0.00600,
,,,-01.841000000000,  -0.01200,
,,,-01.840000000000,  -0.01000,
,,,-01.839000000000,  -0.01000,
,,,-01.838000000000,  -0.00600,
,,,-01.837000000000,  -0.00200,
,,,-01.836000000000,  -0.01000,
,,,-01.835000000000,  -0.00400,
,,,-01.834000000000,   0.00200,
,,,-01.833000000000,  -0.00200,
,,,-01.832000000000,   0.00000,
,,,-01.831000000000,  -0.00200,
,,,-01.830000000000,  -0.00200,
,,,-01.829000000000,   0.00000,
,,,-01.828000000000,  -0.00200,
,,,-01.827000000000,  -0.01000,
,,,-01.826000000000,  -0.00600,
,,,-01.825000000000,  -0.00400,
,,,-01.824000000000,  -0.01200,
,,,-01.823000000000,  -0.00600,
,,,-01.822000000000,  -0.00800,
,,,-01.821000000000,  -0.00600,
,,,-01.820000000000,  -0.00800,
,,,-01.819000000000,  -0.00600,
,,,-01.818000000000,  -0.00400,
,,,-01.817000000000,  -0.01800,
,,,-01.816000000000,  -0.01400,
,,,-01.815000000000,  -0.00200,
,,,-01.814000000000,  -0.00800,
,,,-01.813000000000,   0.00000,
,,,-01.812000000000,  -0.00200,
,,,-01.811000000000,  -0.00600,
,,,-01.810000000000,  -0.00200,
,,,-01.809000000000,   0.00200,
,,,-01.808000000000,   0.00200,
,,,-01.807000000000,   0.00200,
,,,-01.806000000000,  -0.00400,
,,,-01.805000000000,   0.00000,
,,,-01.804000000000,   0.00200,
,,,-01.803000000000,   0.00000,
,,,-01.802000000000,  -0.00200,
,,,-01.801000000000,  -0.00200,
,,,-01.800000000000,  -0.00400,
,,,-01.799000000000,  -0.00200,
,,,-01.798000000000,  -0.00400,
,,,-01.797000000000,  -0.00200,
,,,-01.796000000000,   0.00000,
,,,-01.795000000000,  -0.00400,
,,,-01.794000000000,  -0.00200,
,,,-01.793000000000,  -0.00200,
,,,-01.792000000000,  -0.00200,
,,,-01.791000000000,  -0.00200,
,,,-01.790000000000,  -0.00400,
,,,-01.789000000000,  -0.00400,
,,,-01.788000000000,  -0.00400,
,,,-01.787000000000,  -0.00600,
,,,-01.786000000000,  -0.00200,
,,,-01.785000000000,  -0.00800,
,,,-01.784000000000,  -0.00800,
,,,-01.783000000000,  -0.00200,
,,,-01.782000000000,  -0.00600,
,,,-01.781000000000,  -0.00800,
,,,-01.780000000000,  -0.00200,
,,,-01.779000000000,  -0.00600,
,,,-01.778000000000,  -0.00800,
,,,-01.777000000000,  -0.00600,
,,,-01.776000000000,  -0.00600,
,,,-01.775000000000,  -0.00800,
,,,-01.774000000000,  -0.00400,
,,,-01.773000000000,  -0.00200,
,,,-01.772000000000,  -0.01000,
,,,-01.771000000000,  -0.00200,
,,,-01.770000000000,  -0.00800,
,,,-01.769000000000,  -0.00600,
,,,-01.768000000000,  -0.00200,
,,,-01.767000000000,  -0.00400,
,,,-01.766000000000,  -0.00200,
,,,-01.765000000000,  -0.00200,
,,,-01.764000000000,   0.00400,
,,,-01.763000000000,  -0.00200,
,,,-01.762000000000,  -0.00600,
,,,-01.761000000000,   0.00600,
,,,-01.760000000000,   0.00000,
,,,-01.759000000000,   0.00000,
,,,-01.758000000000,  -0.00200,
,,,-01.757000000000,  -0.00200,
,,,-01.756000000000,  -0.00400,
,,,-01.755000000000,  -0.00400,
,,,-01.754000000000,  -0.00600,
,,,-01.753000000000,  -0.00400,
,,,-01.752000000000,  -0.00600,
,,,-01.751000000000,  -0.00800,
,,,-01.750000000000,  -0.00400,
,,,-01.749000000000,  -0.00600,
,,,-01.748000000000,  -0.00200,
,,,-01.747000000000,  -0.00400,
,,,-01.746000000000,  -0.01000,
,,,-01.745000000000,  -0.00600,
,,,-01.744000000000,  -0.01000,
,,,-01.743000000000,  -0.00400,
,,,-01.742000000000,  -0.00400,
,,,-01.741000000000,   0.00000,
,,,-01.740000000000,  -0.00400,
,,,-01.739000000000,  -0.00400,
,,,-01.738000000000,   0.00200,
,,,-01.737000000000,  -0.00400,
,,,-01.736000000000,  -0.00400,
,,,-01.735000000000,  -0.00200,
,,,-01.734000000000,  -0.00600,
,,,-01.733000000000,  -0.00800,
,,,-01.732000000000,  -0.00600,
,,,-01.731000000000,  -0.00600,
,,,-01.730000000000,  -0.00600,
,,,-01.729000000000,  -0.01000,
,,,-01.728000000000,  -0.00400,
,,,-01.727000000000,   0.00000,
,,,-01.726000000000,  -0.00400,
,,,-01.725000000000,  -0.00400,
,,,-01.724000000000,  -0.00400,
,,,-01.723000000000,  -0.00600,
,,,-01.722000000000,  -0.00200,
,,,-01.721000000000,  -0.00600,
,,,-01.720000000000,  -0.00200,
,,,-01.719000000000,  -0.00600,
,,,-01.718000000000,  -0.00600,
,,,-01.717000000000,  -0.00200,
,,,-01.716000000000,  -0.00400,
,,,-01.715000000000,  -0.00400,
,,,-01.714000000000,  -0.00400,
,,,-01.713000000000,  -0.00400,
,,,-01.712000000000,  -0.00200,
,,,-01.711000000000,  -0.00800,
,,,-01.710000000000,  -0.00600,
,,,-01.709000000000,  -0.00600,
,,,-01.708000000000,  -0.00800,
,,,-01.707000000000,  -0.00200,
,,,-01.706000000000,  -0.00200,
,,,-01.705000000000,  -0.00400,
,,,-01.704000000000,  -0.00400,
,,,-01.703000000000,  -0.00400,
,,,-01.702000000000,  -0.00400,
,,,-01.701000000000,  -0.00200,
,,,-01.700000000000,  -0.00600,
,,,-01.699000000000,  -0.00600,
,,,-01.698000000000,  -0.00400,
,,,-01.697000000000,  -0.00800,
,,,-01.696000000000,  -0.00800,
,,,-01.695000000000,  -0.00200,
,,,-01.694000000000,  -0.00200,
,,,-01.693000000000,   0.00000,
,,,-01.692000000000,   0.00000,
,,,-01.691000000000,   0.00200,
,,,-01.690000000000,   0.00400,
,,,-01.689000000000,  -0.00200,
,,,-01.688000000000,  -0.00600,
,,,-01.687000000000,   0.00000,
,,,-01.686000000000,  -0.00400,
,,,-01.685000000000,  -0.00400,
,,,-01.684000000000,   0.00000,
,,,-01.683000000000,  -0.00200,
,,,-01.682000000000,  -0.00400,
,,,-01.681000000000,  -0.00200,
,,,-01.680000000000,  -0.00600,
,,,-01.679000000000,   0.00000,
,,,-01.678000000000,  -0.00800,
,,,-01.677000000000,  -0.00400,
,,,-01.676000000000,  -0.00400,
,,,-01.675000000000,   0.00200,
,,,-01.674000000000,  -0.00400,
,,,-01.673000000000,  -0.00200,
,,,-01.672000000000,  -0.00200,
,,,-01.671000000000,   0.00000,
,,,-01.670000000000,  -0.00200,
,,,-01.669000000000,   0.00200,
,,,-01.668000000000,  -0.00400,
,,,-01.667000000000,  -0.00400,
,,,-01.666000000000,  -0.00200,
,,,-01.665000000000,  -0.00200,
,,,-01.664000000000,  -0.00800,
,,,-01.663000000000,  -0.00200,
,,,-01.662000000000,  -0.00200,
,,,-01.661000000000,  -0.00800,
,,,-01.660000000000,  -0.00400,
,,,-01.659000000000,  -0.00400,
,,,-01.658000000000,  -0.00800,
,,,-01.657000000000,  -0.00400,
,,,-01.656000000000,  -0.00600,
,,,-01.655000000000,  -0.00600,
,,,-01.654000000000,  -0.00200,
,,,-01.653000000000,  -0.00400,
,,,-01.652000000000,  -0.00400,
,,,-01.651000000000,  -0.00600,
,,,-01.650000000000,  -0.00200,
,,,-01.649000000000,  -0.00200,
,,,-01.648000000000,  -0.00600,
,,,-01.647000000000,  -0.00400,
,,,-01.646000000000,  -0.00400,
,,,-01.645000000000,  -0.01200,
,,,-01.644000000000,  -0.00400,
,,,-01.643000000000,  -0.00400,
,,,-01.642000000000,   0.00000,
,,,-01.641000000000,  -0.00400,
,,,-01.640000000000,  -0.00200,
,,,-01.639000000000,  -0.00200,
,,,-01.638000000000,  -0.00200,
,,,-01.637000000000,   0.00000,
,,,-01.636000000000,   0.00200,
,,,-01.635000000000,   0.00400,
,,,-01.634000000000,   0.00400,
,,,-01.633000000000,   0.00000,
,,,-01.632000000000,   0.00000,
,,,-01.631000000000,  -0.00200,
,,,-01.630000000000,   0.00000,
,,,-01.629000000000,  -0.00400,
,,,-01.628000000000,   0.00000,
,,,-01.627000000000,  -0.00400,
,,,-01.626000000000,  -0.01000,
,,,-01.625000000000,  -0.00400,
,,,-01.624000000000,  -0.00200,
,,,-01.623000000000,  -0.00600,
,,,-01.622000000000,  -0.00200,
,,,-01.621000000000,   0.00200,
,,,-01.620000000000,   0.00000,
,,,-01.619000000000,   0.00400,
,,,-01.618000000000,   0.00200,
,,,-01.617000000000,  -0.00200,
,,,-01.616000000000,  -0.00200,
,,,-01.615000000000,  -0.00200,
,,,-01.614000000000,   0.00200,
,,,-01.613000000000,  -0.00800,
,,,-01.612000000000,  -0.00800,
,,,-01.611000000000,  -0.00200,
,,,-01.610000000000,  -0.00600,
,,,-01.609000000000,  -0.00400,
,,,-01.608000000000,  -0.00400,
,,,-01.607000000000,  -0.00400,
,,,-01.606000000000,  -0.00400,
,,,-01.605000000000,  -0.00600,
,,,-01.604000000000,  -0.01000,
,,,-01.603000000000,  -0.00400,
,,,-01.602000000000,  -0.00400,
,,,-01.601000000000,  -0.00800,
,,,-01.600000000000,  -0.00800,
,,,-01.599000000000,  -0.00400,
,,,-01.598000000000,  -0.00600,
,,,-01.597000000000,  -0.00400,
,,,-01.596000000000,  -0.00600,
,,,-01.595000000000,   0.00000,
,,,-01.594000000000,  -0.00600,
,,,-01.593000000000,  -0.00800,
,,,-01.592000000000,   0.00200,
,,,-01.591000000000,  -0.00600,
,,,-01.590000000000,  -0.00600,
,,,-01.589000000000,   0.00000,
,,,-01.588000000000,  -0.00200,
,,,-01.587000000000,  -0.00400,
,,,-01.586000000000,  -0.00200,
,,,-01.585000000000,  -0.00600,
,,,-01.584000000000,  -0.00600,
,,,-01.583000000000,  -0.01000,
,,,-01.582000000000,   0.00000,
,,,-01.581000000000,  -0.00200,
,,,-01.580000000000,  -0.00600,
,,,-01.579000000000,  -0.00200,
,,,-01.578000000000,   0.00200,
,,,-01.577000000000,  -0.00400,
,,,-01.576000000000,  -0.00400,
,,,-01.575000000000,  -0.00600,
,,,-01.574000000000,  -0.00200,
,,,-01.573000000000,   0.00000,
,,,-01.572000000000,  -0.00200,
,,,-01.571000000000,  -0.00200,
,,,-01.570000000000,   0.00200,
,,,-01.569000000000,   0.00000,
,,,-01.568000000000,  -0.00400,
,,,-01.567000000000,  -0.00200,
,,,-01.566000000000,  -0.00400,
,,,-01.565000000000,  -0.00200,
,,,-01.564000000000,  -0.00400,
,,,-01.563000000000,  -0.00200,
,,,-01.562000000000,   0.00200,
,,,-01.561000000000,  -0.00400,
,,,-01.560000000000,  -0.00200,
,,,-01.559000000000,  -0.00400,
,,,-01.558000000000,   0.00200,
,,,-01.557000000000,  -0.00200,
,,,-01.556000000000,   0.00000,
,,,-01.555000000000,  -0.00400,
,,,-01.554000000000,  -0.00400,
,,,-01.553000000000,  -0.00400,
,,,-01.552000000000,  -0.00200,
,,,-01.551000000000,   0.00000,
,,,-01.550000000000,   0.00000,
,,,-01.549000000000,   0.00000,
,,,-01.548000000000,   0.00600,
,,,-01.547000000000,  -0.00400,
,,,-01.546000000000,  -0.00400,
,,,-01.545000000000,  -0.00200,
,,,-01.544000000000,  -0.00600,
,,,-01.543000000000,  -0.00400,
,,,-01.542000000000,  -0.00400,
,,,-01.541000000000,  -0.00400,
,,,-01.540000000000,   0.00000,
,,,-01.539000000000,  -0.00200,
,,,-01.538000000000,  -0.00800,
,,,-01.537000000000,   0.00200,
,,,-01.536000000000,  -0.00200,
,,,-01.535000000000,  -0.00600,
,,,-01.534000000000,  -0.00200,
,,,-01.533000000000,  -0.00400,
,,,-01.532000000000,  -0.00200,
,,,-01.531000000000,  -0.00200,
,,,-01.530000000000,  -0.00200,
,,,-01.529000000000,  -0.00200,
,,,-01.528000000000,  -0.00800,
,,,-01.527000000000,  -0.00200,
,,,-01.526000000000,  -0.00800,
,,,-01.525000000000,  -0.00200,
,,,-01.524000000000,  -0.00200,
,,,-01.523000000000,  -0.00200,
,,,-01.522000000000,  -0.00600,
,,,-01.521000000000,  -0.00400,
,,,-01.520000000000,  -0.00600,
,,,-01.519000000000,  -0.00800,
,,,-01.518000000000,  -0.00600,
,,,-01.517000000000,  -0.00800,
,,,-01.516000000000,  -0.00400,
,,,-01.515000000000,  -0.00600,
,,,-01.514000000000,  -0.01000,
,,,-01.513000000000,  -0.00400,
,,,-01.512000000000,  -0.00600,
,,,-01.511000000000,  -0.00200,
,,,-01.510000000000,  -0.00200,
,,,-01.509000000000,  -0.00400,
,,,-01.508000000000,  -0.00200,
,,,-01.507000000000,  -0.00200,
,,,-01.506000000000,  -0.00600,
,,,-01.505000000000,   0.00200,
,,,-01.504000000000,  -0.00400,
,,,-01.503000000000,  -0.01200,
,,,-01.502000000000,  -0.00600,
,,,-01.501000000000,  -0.00600,
,,,-01.500000000000,  -0.00200,
,,,-01.499000000000,  -0.00600,
,,,-01.498000000000,  -0.00400,
,,,-01.497000000000,  -0.01000,
,,,-01.496000000000,  -0.00200,
,,,-01.495000000000,  -0.00200,
,,,-01.494000000000,  -0.00400,
,,,-01.493000000000,  -0.00200,
,,,-01.492000000000,  -0.00200,
,,,-01.491000000000,   0.00000,
,,,-01.490000000000,  -0.00200,
,,,-01.489000000000,  -0.00200,
,,,-01.488000000000,  -0.00400,
,,,-01.487000000000,  -0.00800,
,,,-01.486000000000,   0.00000,
,,,-01.485000000000,  -0.00200,
,,,-01.484000000000,  -0.00400,
,,,-01.483000000000,  -0.00600,
,,,-01.482000000000,  -0.00200,
,,,-01.481000000000,  -0.00200,
,,,-01.480000000000,  -0.00400,
,,,-01.479000000000,  -0.00400,
,,,-01.478000000000,  -0.00200,
,,,-01.477000000000,  -0.00400,
,,,-01.476000000000,  -0.00600,
,,,-01.475000000000,   0.00400,
,,,-01.474000000000,   0.00000,
,,,-01.473000000000,  -0.00400,
,,,-01.472000000000,   0.00000,
,,,-01.471000000000,  -0.00400,
,,,-01.470000000000,  -0.00600,
,,,-01.469000000000,  -0.00200,
,,,-01.468000000000,  -0.00600,
,,,-01.467000000000,  -0.00400,
,,,-01.466000000000,  -0.00200,
,,,-01.465000000000,  -0.00600,
,,,-01.464000000000,   0.00000,
,,,-01.463000000000,   0.00200,
,,,-01.462000000000,  -0.00400,
,,,-01.461000000000,  -0.00200,
,,,-01.460000000000,  -0.00200,
,,,-01.459000000000,  -0.00400,
,,,-01.458000000000,  -0.00200,
,,,-01.457000000000,  -0.00200,
,,,-01.456000000000,  -0.00200,
,,,-01.455000000000,  -0.00200,
,,,-01.454000000000,  -0.00200,
,,,-01.453000000000,   0.00000,
,,,-01.452000000000,  -0.00600,
,,,-01.451000000000,  -0.00400,
,,,-01.450000000000,  -0.00200,
,,,-01.449000000000,  -0.00600,
,,,-01.448000000000,  -0.00400,
,,,-01.447000000000,  -0.00200,
,,,-01.446000000000,  -0.00600,
,,,-01.445000000000,  -0.00200,
,,,-01.444000000000,  -0.00400,
,,,-01.443000000000,  -0.00800,
,,,-01.442000000000,  -0.00600,
,,,-01.441000000000,  -0.00200,
,,,-01.440000000000,  -0.00400,
,,,-01.439000000000,  -0.00400,
,,,-01.438000000000,   0.00000,
,,,-01.437000000000,   0.00000,
,,,-01.436000000000,   0.00000,
,,,-01.435000000000,  -0.00200,
,,,-01.434000000000,  -0.00200,
,,,-01.433000000000,   0.00000,
,,,-01.432000000000,  -0.00400,
,,,-01.431000000000,   0.00400,
,,,-01.430000000000,  -0.00800,
,,,-01.429000000000,  -0.00600,
,,,-01.428000000000,   0.00000,
,,,-01.427000000000,  -0.00200,
,,,-01.426000000000,  -0.00200,
,,,-01.425000000000,  -0.00200,
,,,-01.424000000000,  -0.00200,
,,,-01.423000000000,   0.00000,
,,,-01.422000000000,   0.00000,
,,,-01.421000000000,  -0.00800,
,,,-01.420000000000,   0.00000,
,,,-01.419000000000,  -0.01000,
,,,-01.418000000000,  -0.00200,
,,,-01.417000000000,   0.00000,
,,,-01.416000000000,  -0.00400,
,,,-01.415000000000,  -0.00600,
,,,-01.414000000000,  -0.00600,
,,,-01.413000000000,  -0.00800,
,,,-01.412000000000,  -0.00200,
,,,-01.411000000000,  -0.00800,
,,,-01.410000000000,  -0.00800,
,,,-01.409000000000,  -0.00200,
,,,-01.408000000000,  -0.00400,
,,,-01.407000000000,  -0.00400,
,,,-01.406000000000,  -0.00200,
,,,-01.405000000000,  -0.00600,
,,,-01.404000000000,  -0.00400,
,,,-01.403000000000,  -0.00400,
,,,-01.402000000000,  -0.00200,
,,,-01.401000000000,  -0.00400,
,,,-01.400000000000,  -0.00600,
,,,-01.399000000000,  -0.00200,
,,,-01.398000000000,  -0.00200,
,,,-01.397000000000,  -0.00800,
,,,-01.396000000000,  -0.00200,
,,,-01.395000000000,  -0.00200,
,,,-01.394000000000,  -0.00200,
,,,-01.393000000000,  -0.00400,
,,,-01.392000000000,  -0.00400,
,,,-01.391000000000,  -0.00200,
,,,-01.390000000000,   0.00600,
,,,-01.389000000000,  -0.00200,
,,,-01.388000000000,  -0.00200,
,,,-01.387000000000,   0.00000,
,,,-01.386000000000,  -0.00600,
,,,-01.385000000000,  -0.00200,
,,,-01.384000000000,  -0.00200,
,,,-01.383000000000,  -0.00200,
,,,-01.382000000000,  -0.00400,
,,,-01.381000000000,  -0.00400,
,,,-01.380000000000,  -0.00200,
,,,-01.379000000000,   0.00000,
,,,-01.378000000000,  -0.01400,
,,,-01.377000000000,  -0.00800,
,,,-01.376000000000,  -0.00200,
,,,-01.375000000000,   0.00000,
,,,-01.374000000000,  -0.00400,
,,,-01.373000000000,  -0.00400,
,,,-01.372000000000,  -0.00200,
,,,-01.371000000000,  -0.00200,
,,,-01.370000000000,  -0.01000,
,,,-01.369000000000,  -0.00400,
,,,-01.368000000000,   0.00200,
,,,-01.367000000000,  -0.01200,
,,,-01.366000000000,  -0.00600,
,,,-01.365000000000,  -0.00600,
,,,-01.364000000000,  -0.01000,
,,,-01.363000000000,  -0.00800,
,,,-01.362000000000,  -0.00600,
,,,-01.361000000000,  -0.00600,
,,,-01.360000000000,  -0.00400,
,,,-01.359000000000,  -0.00800,
,,,-01.358000000000,  -0.00200,
,,,-01.357000000000,   0.00000,
,,,-01.356000000000,  -0.00200,
,,,-01.355000000000,   0.00200,
,,,-01.354000000000,  -0.00400,
,,,-01.353000000000,  -0.00200,
,,,-01.352000000000,   0.00200,
,,,-01.351000000000,  -0.00200,
,,,-01.350000000000,   0.00200,
,,,-01.349000000000,   0.00200,
,,,-01.348000000000,  -0.00600,
,,,-01.347000000000,  -0.00200,
,,,-01.346000000000,   0.00200,
,,,-01.345000000000,  -0.00600,
,,,-01.344000000000,   0.00000,
,,,-01.343000000000,   0.00200,
,,,-01.342000000000,  -0.00200,
,,,-01.341000000000,  -0.00200,
,,,-01.340000000000,  -0.00200,
,,,-01.339000000000,   0.00000,
,,,-01.338000000000,  -0.00600,
,,,-01.337000000000,  -0.00600,
,,,-01.336000000000,   0.00400,
,,,-01.335000000000,   0.00200,
,,,-01.334000000000,  -0.00200,
,,,-01.333000000000,  -0.00200,
,,,-01.332000000000,  -0.00800,
,,,-01.331000000000,  -0.00600,
,,,-01.330000000000,  -0.00400,
,,,-01.329000000000,  -0.00400,
,,,-01.328000000000,   0.00200,
,,,-01.327000000000,  -0.00200,
,,,-01.326000000000,  -0.00800,
,,,-01.325000000000,  -0.00400,
,,,-01.324000000000,  -0.00200,
,,,-01.323000000000,  -0.00400,
,,,-01.322000000000,  -0.00200,
,,,-01.321000000000,  -0.00200,
,,,-01.320000000000,  -0.00400,
,,,-01.319000000000,  -0.00600,
,,,-01.318000000000,  -0.00200,
,,,-01.317000000000,   0.00400,
,,,-01.316000000000,  -0.00200,
,,,-01.315000000000,   0.00000,
,,,-01.314000000000,   0.00200,
,,,-01.313000000000,   0.00200,
,,,-01.312000000000,  -0.00200,
,,,-01.311000000000,   0.00000,
,,,-01.310000000000,   0.00000,
,,,-01.309000000000,  -0.00200,
,,,-01.308000000000,   0.00000,
,,,-01.307000000000,   0.00000,
,,,-01.306000000000,   0.00000,
,,,-01.305000000000,  -0.00200,
,,,-01.304000000000,  -0.00800,
,,,-01.303000000000,   0.00200,
,,,-01.302000000000,  -0.00400,
,,,-01.301000000000,  -0.00600,
,,,-01.300000000000,  -0.00800,
,,,-01.299000000000,  -0.00600,
,,,-01.298000000000,  -0.00400,
,,,-01.297000000000,  -0.00800,
,,,-01.296000000000,  -0.00800,
,,,-01.295000000000,  -0.00600,
,,,-01.294000000000,  -0.01000,
,,,-01.293000000000,   0.00000,
,,,-01.292000000000,  -0.00600,
,,,-01.291000000000,  -0.00200,
,,,-01.290000000000,  -0.00200,
,,,-01.289000000000,  -0.00200,
,,,-01.288000000000,  -0.00400,
,,,-01.287000000000,  -0.00200,
,,,-01.286000000000,  -0.00200,
,,,-01.285000000000,   0.00000,
,,,-01.284000000000,   0.00600,
,,,-01.283000000000,  -0.00400,
,,,-01.282000000000,   0.00200,
,,,-01.281000000000,   0.00600,
,,,-01.280000000000,  -0.00200,
,,,-01.279000000000,  -0.00200,
,,,-01.278000000000,   0.00200,
,,,-01.277000000000,   0.00400,
,,,-01.276000000000,  -0.00200,
,,,-01.275000000000,  -0.00400,
,,,-01.274000000000,   0.00000,
,,,-01.273000000000,   0.00000,
,,,-01.272000000000,  -0.01000,
,,,-01.271000000000,  -0.00400,
,,,-01.270000000000,  -0.00200,
,,,-01.269000000000,  -0.00400,
,,,-01.268000000000,  -0.00400,
,,,-01.267000000000,  -0.00400,
,,,-01.266000000000,  -0.00400,
,,,-01.265000000000,  -0.00200,
,,,-01.264000000000,  -0.00600,
,,,-01.263000000000,  -0.00200,
,,,-01.262000000000,   0.00200,
,,,-01.261000000000,  -0.00200,
,,,-01.260000000000,  -0.00600,
,,,-01.259000000000,   0.00000,
,,,-01.258000000000,  -0.00800,
,,,-01.257000000000,  -0.00400,
,,,-01.256000000000,  -0.00400,
,,,-01.255000000000,   0.00000,
,,,-01.254000000000,   0.00200,
,,,-01.253000000000,  -0.01000,
,,,-01.252000000000,  -0.00600,
,,,-01.251000000000,  -0.00800,
,,,-01.250000000000,  -0.00400,
,,,-01.249000000000,  -0.00200,
,,,-01.248000000000,  -0.00600,
,,,-01.247000000000,   0.00000,
,,,-01.246000000000,   0.00200,
,,,-01.245000000000,  -0.00200,
,,,-01.244000000000,  -0.00600,
,,,-01.243000000000,  -0.00200,
,,,-01.242000000000,  -0.00200,
,,,-01.241000000000,  -0.00600,
,,,-01.240000000000,  -0.00800,
,,,-01.239000000000,  -0.01000,
,,,-01.238000000000,  -0.00400,
,,,-01.237000000000,  -0.00600,
,,,-01.236000000000,  -0.00600,
,,,-01.235000000000,  -0.00600,
,,,-01.234000000000,  -0.00600,
,,,-01.233000000000,  -0.00400,
,,,-01.232000000000,  -0.00600,
,,,-01.231000000000,  -0.00800,
,,,-01.230000000000,   0.00000,
,,,-01.229000000000,   0.00000,
,,,-01.228000000000,  -0.00600,
,,,-01.227000000000,   0.00000,
,,,-01.226000000000,  -0.00400,
,,,-01.225000000000,  -0.00400,
,,,-01.224000000000,   0.00000,
,,,-01.223000000000,  -0.00200,
,,,-01.222000000000,  -0.00400,
,,,-01.221000000000,  -0.00200,
,,,-01.220000000000,  -0.01400,
,,,-01.219000000000,  -0.00800,
,,,-01.218000000000,  -0.00200,
,,,-01.217000000000,   0.00000,
,,,-01.216000000000,   0.00000,
,,,-01.215000000000,  -0.00400,
,,,-01.214000000000,  -0.00400,
,,,-01.213000000000,  -0.00800,
,,,-01.212000000000,  -0.00600,
,,,-01.211000000000,   0.00000,
,,,-01.210000000000,  -0.00200,
,,,-01.209000000000,  -0.00200,
,,,-01.208000000000,   0.00200,
,,,-01.207000000000,   0.00200,
,,,-01.206000000000,  -0.00600,
,,,-01.205000000000,  -0.00200,
,,,-01.204000000000,  -0.00200,
,,,-01.203000000000,  -0.00800,
,,,-01.202000000000,  -0.00200,
,,,-01.201000000000,  -0.00600,
,,,-01.200000000000,  -0.00200,
,,,-01.199000000000,   0.00400,
,,,-01.198000000000,  -0.00400,
,,,-01.197000000000,   0.00000,
,,,-01.196000000000,  -0.00200,
,,,-01.195000000000,  -0.00400,
,,,-01.194000000000,  -0.00400,
,,,-01.193000000000,  -0.00200,
,,,-01.192000000000,  -0.00200,
,,,-01.191000000000,  -0.00400,
,,,-01.190000000000,  -0.00400,
,,,-01.189000000000,  -0.00400,
,,,-01.188000000000,  -0.00800,
,,,-01.187000000000,  -0.00400,
,,,-01.186000000000,   0.00200,
,,,-01.185000000000,  -0.00200,
,,,-01.184000000000,  -0.00400,
,,,-01.183000000000,  -0.00400,
,,,-01.182000000000,  -0.00400,
,,,-01.181000000000,  -0.00200,
,,,-01.180000000000,  -0.00600,
,,,-01.179000000000,  -0.00800,
,,,-01.178000000000,   0.00000,
,,,-01.177000000000,  -0.00400,
,,,-01.176000000000,  -0.00800,
,,,-01.175000000000,  -0.00200,
,,,-01.174000000000,  -0.00400,
,,,-01.173000000000,  -0.00800,
,,,-01.172000000000,  -0.00400,
,,,-01.171000000000,  -0.00400,
,,,-01.170000000000,  -0.00200,
,,,-01.169000000000,  -0.01000,
,,,-01.168000000000,  -0.01200,
,,,-01.167000000000,  -0.00800,
,,,-01.166000000000,  -0.00800,
,,,-01.165000000000,  -0.00400,
,,,-01.164000000000,  -0.00200,
,,,-01.163000000000,  -0.00600,
,,,-01.162000000000,  -0.00600,
,,,-01.161000000000,  -0.00200,
,,,-01.160000000000,  -0.00600,
,,,-01.159000000000,  -0.00600,
,,,-01.158000000000,  -0.00200,
,,,-01.157000000000,  -0.00400,
,,,-01.156000000000,  -0.00600,
,,,-01.155000000000,   0.00000,
,,,-01.154000000000,  -0.00400,
,,,-01.153000000000,  -0.00200,
,,,-01.152000000000,  -0.00600,
,,,-01.151000000000,  -0.00600,
,,,-01.150000000000,  -0.00200,
,,,-01.149000000000,  -0.00400,
,,,-01.148000000000,  -0.00400,
,,,-01.147000000000,  -0.00200,
,,,-01.146000000000,  -0.00400,
,,,-01.145000000000,  -0.00200,
,,,-01.144000000000,  -0.00200,
,,,-01.143000000000,  -0.00200,
,,,-01.142000000000,   0.00200,
,,,-01.141000000000,  -0.00200,
,,,-01.140000000000,  -0.00200,
,,,-01.139000000000,  -0.00200,
,,,-01.138000000000,  -0.00600,
,,,-01.137000000000,  -0.00200,
,,,-01.136000000000,  -0.01000,
,,,-01.135000000000,  -0.00600,
,,,-01.134000000000,  -0.00200,
,,,-01.133000000000,  -0.01000,
,,,-01.132000000000,  -0.00800,
,,,-01.131000000000,  -0.00400,
,,,-01.130000000000,  -0.00600,
,,,-01.129000000000,  -0.00600,
,,,-01.128000000000,  -0.00600,
,,,-01.127000000000,  -0.00600,
,,,-01.126000000000,  -0.00400,
,,,-01.125000000000,  -0.00600,
,,,-01.124000000000,  -0.00600,
,,,-01.123000000000,  -0.00200,
,,,-01.122000000000,  -0.00200,
,,,-01.121000000000,  -0.00400,
,,,-01.120000000000,  -0.00200,
,,,-01.119000000000,  -0.00600,
,,,-01.118000000000,  -0.00200,
,,,-01.117000000000,   0.00000,
,,,-01.116000000000,  -0.00400,
,,,-01.115000000000,   0.00000,
,,,-01.114000000000,  -0.00400,
,,,-01.113000000000,  -0.00800,
,,,-01.112000000000,   0.00800,
,,,-01.111000000000,  -0.00400,
,,,-01.110000000000,  -0.00200,
,,,-01.109000000000,  -0.00400,
,,,-01.108000000000,  -0.00400,
,,,-01.107000000000,  -0.00400,
,,,-01.106000000000,  -0.00200,
,,,-01.105000000000,  -0.00200,
,,,-01.104000000000,   0.00200,
,,,-01.103000000000,  -0.00600,
,,,-01.102000000000,  -0.00400,
,,,-01.101000000000,  -0.00800,
,,,-01.100000000000,  -0.00400,
,,,-01.099000000000,  -0.00600,
,,,-01.098000000000,  -0.00800,
,,,-01.097000000000,  -0.00400,
,,,-01.096000000000,  -0.00400,
,,,-01.095000000000,  -0.00200,
,,,-01.094000000000,  -0.00400,
,,,-01.093000000000,  -0.00200,
,,,-01.092000000000,  -0.00400,
,,,-01.091000000000,  -0.00800,
,,,-01.090000000000,  -0.00400,
,,,-01.089000000000,  -0.01200,
,,,-01.088000000000,  -0.00800,
,,,-01.087000000000,  -0.00600,
,,,-01.086000000000,  -0.00800,
,,,-01.085000000000,  -0.00400,
,,,-01.084000000000,  -0.00600,
,,,-01.083000000000,  -0.00200,
,,,-01.082000000000,  -0.00600,
,,,-01.081000000000,  -0.00800,
,,,-01.080000000000,   0.00000,
,,,-01.079000000000,  -0.00200,
,,,-01.078000000000,  -0.00800,
,,,-01.077000000000,  -0.00200,
,,,-01.076000000000,  -0.00600,
,,,-01.075000000000,  -0.00400,
,,,-01.074000000000,  -0.00600,
,,,-01.073000000000,  -0.00600,
,,,-01.072000000000,  -0.00600,
,,,-01.071000000000,  -0.00600,
,,,-01.070000000000,  -0.01000,
,,,-01.069000000000,   0.00000,
,,,-01.068000000000,   0.00600,
,,,-01.067000000000,  -0.00200,
,,,-01.066000000000,  -0.00400,
,,,-01.065000000000,  -0.00600,
,,,-01.064000000000,  -0.00600,
,,,-01.063000000000,  -0.00800,
,,,-01.062000000000,  -0.01000,
,,,-01.061000000000,   0.00200,
,,,-01.060000000000,   0.00200,
,,,-01.059000000000,  -0.00400,
,,,-01.058000000000,   0.00000,
,,,-01.057000000000,  -0.00200,
,,,-01.056000000000,   0.00000,
,,,-01.055000000000,  -0.00200,
,,,-01.054000000000,  -0.00200,
,,,-01.053000000000,  -0.00200,
,,,-01.052000000000,  -0.00200,
,,,-01.051000000000,  -0.00600,
,,,-01.050000000000,  -0.00200,
,,,-01.049000000000,   0.00000,
,,,-01.048000000000,  -0.00200,
,,,-01.047000000000,  -0.00400,
,,,-01.046000000000,  -0.00200,
,,,-01.045000000000,  -0.00800,
,,,-01.044000000000,  -0.00200,
,,,-01.043000000000,  -0.00400,
,,,-01.042000000000,  -0.00400,
,,,-01.041000000000,  -0.00200,
,,,-01.040000000000,  -0.01000,
,,,-01.039000000000,  -0.00600,
,,,-01.038000000000,  -0.00600,
,,,-01.037000000000,  -0.00600,
,,,-01.036000000000,  -0.00200,
,,,-01.035000000000,  -0.00400,
,,,-01.034000000000,  -0.00600,
,,,-01.033000000000,   0.00000,
,,,-01.032000000000,  -0.00400,
,,,-01.031000000000,  -0.00400,
,,,-01.030000000000,  -0.00400,
,,,-01.029000000000,  -0.00400,
,,,-01.028000000000,  -0.00200,
,,,-01.027000000000,  -0.00600,
,,,-01.026000000000,  -0.01000,
,,,-01.025000000000,  -0.01000,
,,,-01.024000000000,  -0.01400,
,,,-01.023000000000,  -0.01000,
,,,-01.022000000000,  -0.00800,
,,,-01.021000000000,  -0.01000,
,,,-01.020000000000,  -0.00800,
,,,-01.019000000000,  -0.01000,
,,,-01.018000000000,  -0.00800,
,,,-01.017000000000,  -0.00600,
,,,-01.016000000000,  -0.01000,
,,,-01.015000000000,  -0.01000,
,,,-01.014000000000,  -0.00400,
,,,-01.013000000000,  -0.01600,
,,,-01.012000000000,  -0.01200,
,,,-01.011000000000,  -0.01200,
,,,-01.010000000000,  -0.01200,
,,,-01.009000000000,  -0.01400,
,,,-01.008000000000,  -0.01000,
,,,-01.007000000000,  -0.01400,
,,,-01.006000000000,  -0.01000,
,,,-01.005000000000,  -0.00600,
,,,-01.004000000000,  -0.01400,
,,,-01.003000000000,  -0.01000,
,,,-01.002000000000,  -0.01800,
,,,-01.001000000000,  -0.02000,
,,,-01.000000000000,  -0.01600,
,,,-00.999000000000,  -0.02000,
,,,-00.998000000000,  -0.02000,
,,,-00.997000000000,  -0.02200,
,,,-00.996000000000,  -0.02000,
,,,-00.995000000000,  -0.01600,
,,,-00.994000000000,  -0.02600,
,,,-00.993000000000,  -0.02000,
,,,-00.992000000000,  -0.02600,
,,,-00.991000000000,  -0.02800,
,,,-00.990000000000,  -0.03400,
,,,-00.989000000000,  -0.03000,
,,,-00.988000000000,  -0.03600,
,,,-00.987000000000,  -0.04200,
,,,-00.986000000000,  -0.04800,
,,,-00.985000000000,  -0.06400,
,,,-00.984000000000,  -0.05800,
,,,-00.983000000000,  -0.05800,
,,,-00.982000000000,  -0.07400,
,,,-00.981000000000,  -0.05600,
,,,-00.980000000000,  -0.07200,
,,,-00.979000000000,  -0.09000,
,,,-00.978000000000,  -0.09400,
,,,-00.977000000000,  -0.09800,
,,,-00.976000000000,  -0.11000,
,,,-00.975000000000,  -0.10800,
,,,-00.974000000000,  -0.12200,
,,,-00.973000000000,  -0.11800,
,,,-00.972000000000,  -0.13600,
,,,-00.971000000000,  -0.13600,
,,,-00.970000000000,  -0.14800,
,,,-00.969000000000,  -0.15200,
,,,-00.968000000000,  -0.15400,
,,,-00.967000000000,  -0.16400,
,,,-00.966000000000,  -0.17200,
,,,-00.965000000000,  -0.17600,
,,,-00.964000000000,  -0.18800,
,,,-00.963000000000,  -0.18400,
,,,-00.962000000000,  -0.19000,
,,,-00.961000000000,  -0.18400,
,,,-00.960000000000,  -0.18000,
,,,-00.959000000000,  -0.18000,
,,,-00.958000000000,  -0.18000,
,,,-00.957000000000,  -0.18600,
,,,-00.956000000000,  -0.18200,
,,,-00.955000000000,  -0.18200,
,,,-00.954000000000,  -0.15800,
,,,-00.953000000000,  -0.18000,
,,,-00.952000000000,  -0.14600,
,,,-00.951000000000,  -0.14800,
,,,-00.950000000000,  -0.11000,
,,,-00.949000000000,  -0.12000,
,,,-00.948000000000,  -0.08200,
,,,-00.947000000000,  -0.08200,
,,,-00.946000000000,  -0.07800,
,,,-00.945000000000,  -0.07600,
,,,-00.944000000000,  -0.06600,
,,,-00.943000000000,  -0.04800,
,,,-00.942000000000,  -0.04800,
,,,-00.941000000000,  -0.05400,
,,,-00.940000000000,  -0.03200,
,,,-00.939000000000,  -0.02000,
,,,-00.938000000000,  -0.02400,
,,,-00.937000000000,   0.02400,
,,,-00.936000000000,   0.02000,
,,,-00.935000000000,   0.03800,
,,,-00.934000000000,   0.05400,
,,,-00.933000000000,   0.06400,
,,,-00.932000000000,   0.08000,
,,,-00.931000000000,   0.09200,
,,,-00.930000000000,   0.07200,
,,,-00.929000000000,   0.08600,
,,,-00.928000000000,   0.10000,
,,,-00.927000000000,   0.10800,
,,,-00.926000000000,   0.12200,
,,,-00.925000000000,   0.12400,
,,,-00.924000000000,   0.13400,
,,,-00.923000000000,   0.12800,
,,,-00.922000000000,   0.13600,
,,,-00.921000000000,   0.15000,
,,,-00.920000000000,   0.14800,
,,,-00.919000000000,   0.15200,
,,,-00.918000000000,   0.16600,
,,,-00.917000000000,   0.14600,
,,,-00.916000000000,   0.15400,
,,,-00.915000000000,   0.14400,
,,,-00.914000000000,   0.15400,
,,,-00.913000000000,   0.15200,
,,,-00.912000000000,   0.15000,
,,,-00.911000000000,   0.14800,
,,,-00.910000000000,   0.14200,
,,,-00.909000000000,   0.13800,
,,,-00.908000000000,   0.12600,
,,,-00.907000000000,   0.14200,
,,,-00.906000000000,   0.11800,
,,,-00.905000000000,   0.12400,
,,,-00.904000000000,   0.11200,
,,,-00.903000000000,   0.10400,
,,,-00.902000000000,   0.09400,
,,,-00.901000000000,   0.08800,
,,,-00.900000000000,   0.08600,
,,,-00.899000000000,   0.08400,
,,,-00.898000000000,   0.07600,
,,,-00.897000000000,   0.07600,
,,,-00.896000000000,   0.07800,
,,,-00.895000000000,   0.06000,
,,,-00.894000000000,   0.06200,
,,,-00.893000000000,   0.05600,
,,,-00.892000000000,   0.04800,
,,,-00.891000000000,   0.04400,
,,,-00.890000000000,   0.03800,
,,,-00.889000000000,   0.04000,
,,,-00.888000000000,   0.04400,
,,,-00.887000000000,   0.03600,
,,,-00.886000000000,   0.03400,
,,,-00.885000000000,   0.03400,
,,,-00.884000000000,   0.02000,
,,,-00.883000000000,   0.02400,
,,,-00.882000000000,   0.02400,
,,,-00.881000000000,   0.02400,
,,,-00.880000000000,   0.02200,
,,,-00.879000000000,   0.02000,
,,,-00.878000000000,   0.02200,
,,,-00.877000000000,   0.02000,
,,,-00.876000000000,   0.02000,
,,,-00.875000000000,   0.01600,
,,,-00.874000000000,   0.01400,
,,,-00.873000000000,   0.01200,
,,,-00.872000000000,   0.01400,
,,,-00.871000000000,   0.01000,
,,,-00.870000000000,   0.00800,
,,,-00.869000000000,   0.00800,
,,,-00.868000000000,   0.01000,
,,,-00.867000000000,   0.00800,
,,,-00.866000000000,   0.00600,
,,,-00.865000000000,   0.00400,
,,,-00.864000000000,   0.00800,
,,,-00.863000000000,  -0.00400,
,,,-00.862000000000,   0.00200,
,,,-00.861000000000,   0.00600,
,,,-00.860000000000,   0.00200,
,,,-00.859000000000,   0.00200,
,,,-00.858000000000,   0.00200,
,,,-00.857000000000,   0.00200,
,,,-00.856000000000,   0.00200,
,,,-00.855000000000,  -0.00200,
,,,-00.854000000000,   0.00000,
,,,-00.853000000000,   0.00600,
,,,-00.852000000000,  -0.00200,
,,,-00.851000000000,  -0.00200,
,,,-00.850000000000,  -0.00200,
,,,-00.849000000000,   0.00600,
,,,-00.848000000000,   0.00000,
,,,-00.847000000000,  -0.00200,
,,,-00.846000000000,   0.00400,
,,,-00.845000000000,   0.00000,
,,,-00.844000000000,  -0.00200,
,,,-00.843000000000,  -0.00200,
,,,-00.842000000000,   0.00200,
,,,-00.841000000000,   0.00000,
,,,-00.840000000000,   0.00200,
,,,-00.839000000000,   0.00600,
,,,-00.838000000000,   0.00200,
,,,-00.837000000000,   0.00200,
,,,-00.836000000000,   0.00000,
,,,-00.835000000000,   0.00200,
,,,-00.834000000000,   0.00000,
,,,-00.833000000000,  -0.00400,
,,,-00.832000000000,  -0.00200,
,,,-00.831000000000,   0.00400,
,,,-00.830000000000,  -0.00600,
,,,-00.829000000000,   0.00000,
,,,-00.828000000000,   0.00000,
,,,-00.827000000000,  -0.00200,
,,,-00.826000000000,  -0.00200,
,,,-00.825000000000,  -0.00200,
,,,-00.824000000000,  -0.00400,
,,,-00.823000000000,  -0.00200,
,,,-00.822000000000,  -0.00600,
,,,-00.821000000000,  -0.00200,
,,,-00.820000000000,   0.00200,
,,,-00.819000000000,  -0.00400,
,,,-00.818000000000,   0.00000,
,,,-00.817000000000,  -0.00200,
,,,-00.816000000000,   0.00000,
,,,-00.815000000000,   0.00200,
,,,-00.814000000000,  -0.00200,
,,,-00.813000000000,   0.00200,
,,,-00.812000000000,   0.00600,
,,,-00.811000000000,  -0.01000,
,,,-00.810000000000,   0.00000,
,,,-00.809000000000,   0.00000,
,,,-00.808000000000,  -0.00600,
,,,-00.807000000000,  -0.00200,
,,,-00.806000000000,  -0.00200,
,,,-00.805000000000,  -0.00400,
,,,-00.804000000000,   0.00000,
,,,-00.803000000000,  -0.00200,
,,,-00.802000000000,  -0.00400,
,,,-00.801000000000,   0.00000,
,,,-00.800000000000,  -0.00800,
,,,-00.799000000000,  -0.00200,
,,,-00.798000000000,   0.00000,
,,,-00.797000000000,  -0.00200,
,,,-00.796000000000,   0.00000,
,,,-00.795000000000,   0.00000,
,,,-00.794000000000,   0.00200,
,,,-00.793000000000,   0.00000,
,,,-00.792000000000,   0.00200,
,,,-00.791000000000,   0.00600,
,,,-00.790000000000,   0.00400,
,,,-00.789000000000,   0.00400,
,,,-00.788000000000,   0.00800,
,,,-00.787000000000,   0.00800,
,,,-00.786000000000,   0.00200,
,,,-00.785000000000,   0.00400,
,,,-00.784000000000,   0.00000,
,,,-00.783000000000,  -0.00200,
,,,-00.782000000000,  -0.00200,
,,,-00.781000000000,  -0.00600,
,,,-00.780000000000,   0.00200,
,,,-00.779000000000,  -0.00200,
,,,-00.778000000000,  -0.00200,
,,,-00.777000000000,   0.00200,
,,,-00.776000000000,   0.00000,
,,,-00.775000000000,  -0.00600,
,,,-00.774000000000,  -0.00600,
,,,-00.773000000000,  -0.00400,
,,,-00.772000000000,  -0.00600,
,,,-00.771000000000,  -0.00400,
,,,-00.770000000000,  -0.00800,
,,,-00.769000000000,   0.00400,
,,,-00.768000000000,  -0.00600,
,,,-00.767000000000,  -0.00600,
,,,-00.766000000000,   0.00200,
,,,-00.765000000000,  -0.00600,
,,,-00.764000000000,  -0.00600,
,,,-00.763000000000,  -0.00600,
,,,-00.762000000000,  -0.00800,
,,,-00.761000000000,  -0.00200,
,,,-00.760000000000,  -0.00400,
,,,-00.759000000000,  -0.00400,
,,,-00.758000000000,  -0.00400,
,,,-00.757000000000,  -0.00200,
,,,-00.756000000000,   0.00000,
,,,-00.755000000000,   0.00200,
,,,-00.754000000000,   0.00200,
,,,-00.753000000000,   0.00200,
,,,-00.752000000000,   0.00200,
,,,-00.751000000000,   0.00400,
,,,-00.750000000000,   0.00200,
,,,-00.749000000000,  -0.00200,
,,,-00.748000000000,   0.00600,
,,,-00.747000000000,   0.00600,
,,,-00.746000000000,   0.00000,
,,,-00.745000000000,   0.00200,
,,,-00.744000000000,   0.00000,
,,,-00.743000000000,  -0.00200,
,,,-00.742000000000,  -0.00200,
,,,-00.741000000000,  -0.00200,
,,,-00.740000000000,  -0.00400,
,,,-00.739000000000,  -0.00200,
,,,-00.738000000000,  -0.00600,
,,,-00.737000000000,  -0.00600,
,,,-00.736000000000,   0.00400,
,,,-00.735000000000,  -0.00600,
,,,-00.734000000000,  -0.00800,
,,,-00.733000000000,  -0.00600,
,,,-00.732000000000,  -0.00600,
,,,-00.731000000000,  -0.00200,
,,,-00.730000000000,  -0.00800,
,,,-00.729000000000,  -0.00800,
,,,-00.728000000000,   0.00000,
,,,-00.727000000000,  -0.01000,
,,,-00.726000000000,  -0.00600,
,,,-00.725000000000,  -0.00400,
,,,-00.724000000000,  -0.00200,
,,,-00.723000000000,  -0.00600,
,,,-00.722000000000,  -0.00800,
,,,-00.721000000000,  -0.00400,
,,,-00.720000000000,  -0.00400,
,,,-00.719000000000,  -0.00800,
,,,-00.718000000000,  -0.00600,
,,,-00.717000000000,   0.00000,
,,,-00.716000000000,  -0.00200,
,,,-00.715000000000,   0.00200,
,,,-00.714000000000,   0.00400,
,,,-00.713000000000,  -0.00200,
,,,-00.712000000000,  -0.00400,
,,,-00.711000000000,  -0.00200,
,,,-00.710000000000,  -0.00600,
,,,-00.709000000000,  -0.00200,
,,,-00.708000000000,  -0.00800,
,,,-00.707000000000,  -0.01000,
,,,-00.706000000000,  -0.00200,
,,,-00.705000000000,  -0.00600,
,,,-00.704000000000,  -0.00800,
,,,-00.703000000000,  -0.00200,
,,,-00.702000000000,  -0.00800,
,,,-00.701000000000,  -0.00600,
,,,-00.700000000000,  -0.00400,
,,,-00.699000000000,  -0.00800,
,,,-00.698000000000,  -0.01000,
,,,-00.697000000000,  -0.00600,
,,,-00.696000000000,  -0.00200,
,,,-00.695000000000,  -0.00200,
,,,-00.694000000000,  -0.01200,
,,,-00.693000000000,   0.00000,
,,,-00.692000000000,  -0.00200,
,,,-00.691000000000,  -0.00400,
,,,-00.690000000000,  -0.00400,
,,,-00.689000000000,  -0.00600,
,,,-00.688000000000,  -0.00200,
,,,-00.687000000000,  -0.00600,
,,,-00.686000000000,  -0.00600,
,,,-00.685000000000,  -0.00400,
,,,-00.684000000000,  -0.00400,
,,,-00.683000000000,  -0.00800,
,,,-00.682000000000,  -0.00600,
,,,-00.681000000000,  -0.00200,
,,,-00.680000000000,  -0.00200,
,,,-00.679000000000,  -0.00200,
,,,-00.678000000000,  -0.00200,
,,,-00.677000000000,  -0.00200,
,,,-00.676000000000,  -0.00200,
,,,-00.675000000000,   0.00000,
,,,-00.674000000000,   0.00000,
,,,-00.673000000000,   0.00000,
,,,-00.672000000000,   0.00400,
,,,-00.671000000000,  -0.00200,
,,,-00.670000000000,  -0.00200,
,,,-00.669000000000,   0.00000,
,,,-00.668000000000,  -0.00200,
,,,-00.667000000000,  -0.00400,
,,,-00.666000000000,  -0.00600,
,,,-00.665000000000,  -0.00600,
,,,-00.664000000000,  -0.00800,
,,,-00.663000000000,   0.00000,
,,,-00.662000000000,   0.00000,
,,,-00.661000000000,  -0.01000,
,,,-00.660000000000,  -0.00200,
,,,-00.659000000000,  -0.00200,
,,,-00.658000000000,  -0.00800,
,,,-00.657000000000,  -0.00600,
,,,-00.656000000000,  -0.01000,
,,,-00.655000000000,  -0.00800,
,,,-00.654000000000,  -0.00400,
,,,-00.653000000000,  -0.00800,
,,,-00.652000000000,   0.00200,
,,,-00.651000000000,   0.00000,
,,,-00.650000000000,  -0.00400,
,,,-00.649000000000,  -0.00400,
,,,-00.648000000000,  -0.00400,
,,,-00.647000000000,  -0.00800,
,,,-00.646000000000,  -0.00400,
,,,-00.645000000000,  -0.00800,
,,,-00.644000000000,  -0.00400,
,,,-00.643000000000,  -0.00800,
,,,-00.642000000000,  -0.01000,
,,,-00.641000000000,  -0.00400,
,,,-00.640000000000,  -0.00400,
,,,-00.639000000000,  -0.00200,
,,,-00.638000000000,  -0.00200,
,,,-00.637000000000,  -0.00800,
,,,-00.636000000000,  -0.00600,
,,,-00.635000000000,  -0.01000,
,,,-00.634000000000,  -0.01000,
,,,-00.633000000000,  -0.00600,
,,,-00.632000000000,  -0.00600,
,,,-00.631000000000,  -0.01000,
,,,-00.630000000000,   0.00000,
,,,-00.629000000000,  -0.01000,
,,,-00.628000000000,  -0.01200,
,,,-00.627000000000,  -0.00600,
,,,-00.626000000000,  -0.00800,
,,,-00.625000000000,  -0.00600,
,,,-00.624000000000,  -0.00400,
,,,-00.623000000000,  -0.00600,
,,,-00.622000000000,  -0.00400,
,,,-00.621000000000,  -0.01000,
,,,-00.620000000000,  -0.01200,
,,,-00.619000000000,   0.00200,
,,,-00.618000000000,   0.00000,
,,,-00.617000000000,  -0.00400,
,,,-00.616000000000,  -0.00400,
,,,-00.615000000000,  -0.00600,
,,,-00.614000000000,  -0.00800,
,,,-00.613000000000,  -0.00600,
,,,-00.612000000000,  -0.00200,
,,,-00.611000000000,  -0.00600,
,,,-00.610000000000,  -0.01000,
,,,-00.609000000000,  -0.00600,
,,,-00.608000000000,  -0.00400,
,,,-00.607000000000,  -0.00600,
,,,-00.606000000000,  -0.01000,
,,,-00.605000000000,  -0.01000,
,,,-00.604000000000,  -0.00400,
,,,-00.603000000000,  -0.00600,
,,,-00.602000000000,  -0.00800,
,,,-00.601000000000,  -0.01200,
,,,-00.600000000000,  -0.00600,
,,,-00.599000000000,  -0.00800,
,,,-00.598000000000,  -0.00800,
,,,-00.597000000000,   0.00400,
,,,-00.596000000000,  -0.00400,
,,,-00.595000000000,  -0.00200,
,,,-00.594000000000,   0.00000,
,,,-00.593000000000,   0.00000,
,,,-00.592000000000,   0.00000,
,,,-00.591000000000,   0.00400,
,,,-00.590000000000,   0.00000,
,,,-00.589000000000,   0.00000,
,,,-00.588000000000,   0.00000,
,,,-00.587000000000,  -0.00200,
,,,-00.586000000000,   0.00200,
,,,-00.585000000000,  -0.00200,
,,,-00.584000000000,  -0.00200,
,,,-00.583000000000,  -0.00400,
,,,-00.582000000000,  -0.00400,
,,,-00.581000000000,  -0.00200,
,,,-00.580000000000,  -0.00200,
,,,-00.579000000000,  -0.00600,
,,,-00.578000000000,   0.00000,
,,,-00.577000000000,  -0.00800,
,,,-00.576000000000,  -0.00600,
,,,-00.575000000000,  -0.00400,
,,,-00.574000000000,  -0.00200,
,,,-00.573000000000,  -0.00400,
,,,-00.572000000000,  -0.00400,
,,,-00.571000000000,  -0.00200,
,,,-00.570000000000,   0.00000,
,,,-00.569000000000,  -0.01000,
,,,-00.568000000000,   0.00200,
,,,-00.567000000000,   0.00200,
,,,-00.566000000000,  -0.00200,
,,,-00.565000000000,   0.00000,
,,,-00.564000000000,  -0.00200,
,,,-00.563000000000,  -0.00200,
,,,-00.562000000000,  -0.00800,
,,,-00.561000000000,  -0.00600,
,,,-00.560000000000,  -0.00600,
,,,-00.559000000000,  -0.00400,
,,,-00.558000000000,  -0.00400,
,,,-00.557000000000,  -0.00800,
,,,-00.556000000000,  -0.00600,
,,,-00.555000000000,  -0.00200,
,,,-00.554000000000,  -0.00400,
,,,-00.553000000000,   0.00200,
,,,-00.552000000000,  -0.00200,
,,,-00.551000000000,  -0.00200,
,,,-00.550000000000,  -0.00200,
,,,-00.549000000000,  -0.00200,
,,,-00.548000000000,  -0.00200,
,,,-00.547000000000,  -0.00600,
,,,-00.546000000000,   0.00600,
,,,-00.545000000000,  -0.00200,
,,,-00.544000000000,  -0.01000,
,,,-00.543000000000,   0.00200,
,,,-00.542000000000,   0.00000,
,,,-00.541000000000,   0.00000,
,,,-00.540000000000,  -0.00200,
,,,-00.539000000000,  -0.00600,
,,,-00.538000000000,  -0.00200,
,,,-00.537000000000,  -0.00200,
,,,-00.536000000000,  -0.00600,
,,,-00.535000000000,   0.00200,
,,,-00.534000000000,   0.00200,
,,,-00.533000000000,  -0.00200,
,,,-00.532000000000,   0.00000,
,,,-00.531000000000,  -0.00400,
,,,-00.530000000000,  -0.00400,
,,,-00.529000000000,  -0.00400,
,,,-00.528000000000,  -0.00400,
,,,-00.527000000000,  -0.00400,
,,,-00.526000000000,   0.00200,
,,,-00.525000000000,  -0.00800,
,,,-00.524000000000,  -0.00400,
,,,-00.523000000000,   0.00000,
,,,-00.522000000000,  -0.00600,
,,,-00.521000000000,  -0.00800,
,,,-00.520000000000,  -0.00800,
,,,-00.519000000000,  -0.00800,
,,,-00.518000000000,  -0.00800,
,,,-00.517000000000,  -0.00400,
,,,-00.516000000000,  -0.00200,
,,,-00.515000000000,  -0.00400,
,,,-00.514000000000,  -0.00600,
,,,-00.513000000000,   0.00000,
,,,-00.512000000000,  -0.00200,
,,,-00.511000000000,  -0.00800,
,,,-00.510000000000,  -0.00400,
,,,-00.509000000000,  -0.00400,
,,,-00.508000000000,  -0.00200,
,,,-00.507000000000,  -0.00800,
,,,-00.506000000000,  -0.00400,
,,,-00.505000000000,   0.00000,
,,,-00.504000000000,  -0.00200,
,,,-00.503000000000,  -0.00600,
,,,-00.502000000000,   0.00200,
,,,-00.501000000000,  -0.00800,
,,,-00.500000000000,  -0.00400,
,,,-00.499000000000,  -0.00400,
,,,-00.498000000000,  -0.00200,
,,,-00.497000000000,  -0.00400,
,,,-00.496000000000,  -0.00600,
,,,-00.495000000000,  -0.00800,
,,,-00.494000000000,  -0.00600,
,,,-00.493000000000,  -0.01000,
,,,-00.492000000000,  -0.00600,
,,,-00.491000000000,  -0.00600,
,,,-00.490000000000,  -0.00200,
,,,-00.489000000000,  -0.00600,
,,,-00.488000000000,  -0.00400,
,,,-00.487000000000,  -0.00400,
,,,-00.486000000000,   0.00000,
,,,-00.485000000000,  -0.00200,
,,,-00.484000000000,  -0.00200,
,,,-00.483000000000,   0.00200,
,,,-00.482000000000,  -0.00400,
,,,-00.481000000000,   0.00000,
,,,-00.480000000000,   0.00200,
,,,-00.479000000000,  -0.00400,
,,,-00.478000000000,  -0.00200,
,,,-00.477000000000,  -0.00200,
,,,-00.476000000000,   0.00000,
,,,-00.475000000000,  -0.00200,
,,,-00.474000000000,  -0.00200,
,,,-00.473000000000,  -0.00400,
,,,-00.472000000000,  -0.00600,
,,,-00.471000000000,  -0.00200,
,,,-00.470000000000,  -0.00200,
,,,-00.469000000000,   0.00200,
,,,-00.468000000000,  -0.00400,
,,,-00.467000000000,  -0.00200,
,,,-00.466000000000,  -0.00400,
,,,-00.465000000000,  -0.00400,
,,,-00.464000000000,  -0.00200,
,,,-00.463000000000,  -0.00600,
,,,-00.462000000000,  -0.00400,
,,,-00.461000000000,   0.00000,
,,,-00.460000000000,   0.00400,
,,,-00.459000000000,   0.00000,
,,,-00.458000000000,  -0.00400,
,,,-00.457000000000,  -0.00400,
,,,-00.456000000000,  -0.00400,
,,,-00.455000000000,  -0.00800,
,,,-00.454000000000,  -0.00400,
,,,-00.453000000000,  -0.00200,
,,,-00.452000000000,  -0.00600,
,,,-00.451000000000,  -0.00600,
,,,-00.450000000000,   0.00000,
,,,-00.449000000000,  -0.00200,
,,,-00.448000000000,   0.00000,
,,,-00.447000000000,  -0.00200,
,,,-00.446000000000,  -0.00200,
,,,-00.445000000000,   0.00000,
,,,-00.444000000000,  -0.00200,
,,,-00.443000000000,  -0.00400,
,,,-00.442000000000,  -0.00200,
,,,-00.441000000000,   0.00000,
,,,-00.440000000000,   0.00200,
,,,-00.439000000000,  -0.00200,
,,,-00.438000000000,  -0.00800,
,,,-00.437000000000,  -0.00800,
,,,-00.436000000000,  -0.00200,
,,,-00.435000000000,  -0.00600,
,,,-00.434000000000,  -0.00600,
,,,-00.433000000000,  -0.00800,
,,,-00.432000000000,  -0.00200,
,,,-00.431000000000,   0.00400,
,,,-00.430000000000,  -0.00400,
,,,-00.429000000000,  -0.00200,
,,,-00.428000000000,   0.00800,
,,,-00.427000000000,  -0.00400,
,,,-00.426000000000,  -0.00200,
,,,-00.425000000000,  -0.00200,
,,,-00.424000000000,  -0.00400,
,,,-00.423000000000,  -0.00200,
,,,-00.422000000000,  -0.00800,
,,,-00.421000000000,  -0.00800,
,,,-00.420000000000,  -0.00400,
,,,-00.419000000000,  -0.01000,
,,,-00.418000000000,  -0.01200,
,,,-00.417000000000,  -0.00400,
,,,-00.416000000000,  -0.00800,
,,,-00.415000000000,  -0.00600,
,,,-00.414000000000,  -0.00400,
,,,-00.413000000000,  -0.00400,
,,,-00.412000000000,   0.00000,
,,,-00.411000000000,  -0.00200,
,,,-00.410000000000,  -0.00200,
,,,-00.409000000000,  -0.00200,
,,,-00.408000000000,  -0.00400,
,,,-00.407000000000,  -0.00600,
,,,-00.406000000000,  -0.01000,
,,,-00.405000000000,  -0.00600,
,,,-00.404000000000,  -0.00600,
,,,-00.403000000000,  -0.00600,
,,,-00.402000000000,  -0.00600,
,,,-00.401000000000,  -0.00400,
,,,-00.400000000000,  -0.00800,
,,,-00.399000000000,   0.00000,
,,,-00.398000000000,  -0.00200,
,,,-00.397000000000,  -0.00600,
,,,-00.396000000000,   0.00000,
,,,-00.395000000000,  -0.00800,
,,,-00.394000000000,  -0.01000,
,,,-00.393000000000,  -0.00800,
,,,-00.392000000000,  -0.01000,
,,,-00.391000000000,  -0.00800,
,,,-00.390000000000,  -0.00600,
,,,-00.389000000000,  -0.00600,
,,,-00.388000000000,  -0.00200,
,,,-00.387000000000,   0.00000,
,,,-00.386000000000,  -0.00600,
,,,-00.385000000000,   0.00000,
,,,-00.384000000000,  -0.00400,
,,,-00.383000000000,  -0.00800,
,,,-00.382000000000,  -0.00200,
,,,-00.381000000000,  -0.00400,
,,,-00.380000000000,  -0.00400,
,,,-00.379000000000,  -0.00200,
,,,-00.378000000000,  -0.00200,
,,,-00.377000000000,  -0.00600,
,,,-00.376000000000,  -0.00400,
,,,-00.375000000000,  -0.01000,
,,,-00.374000000000,  -0.01000,
,,,-00.373000000000,   0.00200,
,,,-00.372000000000,  -0.00600,
,,,-00.371000000000,  -0.00600,
,,,-00.370000000000,  -0.00600,
,,,-00.369000000000,  -0.00600,
,,,-00.368000000000,  -0.01200,
,,,-00.367000000000,  -0.00800,
,,,-00.366000000000,  -0.00400,
,,,-00.365000000000,   0.00400,
,,,-00.364000000000,   0.00200,
,,,-00.363000000000,  -0.00200,
,,,-00.362000000000,  -0.00200,
,,,-00.361000000000,  -0.00400,
,,,-00.360000000000,  -0.00200,
,,,-00.359000000000,  -0.00400,
,,,-00.358000000000,  -0.00400,
,,,-00.357000000000,  -0.00600,
,,,-00.356000000000,  -0.00400,
,,,-00.355000000000,  -0.00200,
,,,-00.354000000000,  -0.00600,
,,,-00.353000000000,  -0.01400,
,,,-00.352000000000,  -0.00200,
,,,-00.351000000000,  -0.00400,
,,,-00.350000000000,  -0.00200,
,,,-00.349000000000,   0.00000,
,,,-00.348000000000,   0.00000,
,,,-00.347000000000,   0.00200,
,,,-00.346000000000,  -0.00200,
,,,-00.345000000000,  -0.00600,
,,,-00.344000000000,   0.01000,
,,,-00.343000000000,   0.00200,
,,,-00.342000000000,   0.00400,
,,,-00.341000000000,   0.00400,
,,,-00.340000000000,   0.00200,
,,,-00.339000000000,   0.00000,
,,,-00.338000000000,  -0.00200,
,,,-00.337000000000,   0.00000,
,,,-00.336000000000,  -0.00200,
,,,-00.335000000000,  -0.00400,
,,,-00.334000000000,  -0.00200,
,,,-00.333000000000,  -0.00200,
,,,-00.332000000000,   0.00200,
,,,-00.331000000000,  -0.00600,
,,,-00.330000000000,  -0.00200,
,,,-00.329000000000,  -0.00200,
,,,-00.328000000000,   0.00000,
,,,-00.327000000000,   0.00200,
,,,-00.326000000000,  -0.00200,
,,,-00.325000000000,  -0.00200,
,,,-00.324000000000,  -0.00200,
,,,-00.323000000000,  -0.00600,
,,,-00.322000000000,   0.00400,
,,,-00.321000000000,   0.00200,
,,,-00.320000000000,  -0.00600,
,,,-00.319000000000,   0.00600,
,,,-00.318000000000,  -0.00200,
,,,-00.317000000000,  -0.00400,
,,,-00.316000000000,  -0.00400,
,,,-00.315000000000,  -0.00200,
,,,-00.314000000000,  -0.00200,
,,,-00.313000000000,  -0.01000,
,,,-00.312000000000,  -0.01200,
,,,-00.311000000000,  -0.00600,
,,,-00.310000000000,  -0.00800,
,,,-00.309000000000,  -0.00600,
,,,-00.308000000000,  -0.01600,
,,,-00.307000000000,  -0.01200,
,,,-00.306000000000,  -0.00800,
,,,-00.305000000000,  -0.00800,
,,,-00.304000000000,  -0.00400,
,,,-00.303000000000,   0.00200,
,,,-00.302000000000,  -0.01000,
,,,-00.301000000000,  -0.01000,
,,,-00.300000000000,  -0.00200,
,,,-00.299000000000,  -0.00400,
,,,-00.298000000000,  -0.00200,
,,,-00.297000000000,  -0.00200,
,,,-00.296000000000,  -0.00200,
,,,-00.295000000000,  -0.00400,
,,,-00.294000000000,  -0.00400,
,,,-00.293000000000,  -0.01000,
,,,-00.292000000000,  -0.00800,
,,,-00.291000000000,   0.00200,
,,,-00.290000000000,  -0.00400,
,,,-00.289000000000,  -0.00800,
,,,-00.288000000000,  -0.01000,
,,,-00.287000000000,  -0.00800,
,,,-00.286000000000,  -0.00200,
,,,-00.285000000000,  -0.00800,
,,,-00.284000000000,  -0.00200,
,,,-00.283000000000,  -0.00600,
,,,-00.282000000000,  -0.00600,
,,,-00.281000000000,  -0.00400,
,,,-00.280000000000,  -0.01200,
,,,-00.279000000000,  -0.00800,
,,,-00.278000000000,  -0.00600,
,,,-00.277000000000,  -0.00800,
,,,-00.276000000000,  -0.00400,
,,,-00.275000000000,  -0.00400,
,,,-00.274000000000,  -0.00600,
,,,-00.273000000000,  -0.00800,
,,,-00.272000000000,  -0.00600,
,,,-00.271000000000,  -0.01000,
,,,-00.270000000000,  -0.00600,
,,,-00.269000000000,  -0.00800,
,,,-00.268000000000,  -0.00600,
,,,-00.267000000000,  -0.00200,
,,,-00.266000000000,  -0.01200,
,,,-00.265000000000,  -0.01000,
,,,-00.264000000000,  -0.00600,
,,,-00.263000000000,  -0.00800,
,,,-00.262000000000,  -0.00600,
,,,-00.261000000000,  -0.00600,
,,,-00.260000000000,  -0.00600,
,,,-00.259000000000,   0.00000,
,,,-00.258000000000,  -0.00400,
,,,-00.257000000000,  -0.01000,
,,,-00.256000000000,  -0.00800,
,,,-00.255000000000,  -0.00200,
,,,-00.254000000000,  -0.00400,
,,,-00.253000000000,  -0.00800,
,,,-00.252000000000,  -0.00400,
,,,-00.251000000000,  -0.00800,
,,,-00.250000000000,  -0.01000,
,,,-00.249000000000,  -0.00400,
,,,-00.248000000000,  -0.00800,
,,,-00.247000000000,  -0.00600,
,,,-00.246000000000,  -0.00600,
,,,-00.245000000000,  -0.00400,
,,,-00.244000000000,  -0.00800,
,,,-00.243000000000,   0.00000,
,,,-00.242000000000,  -0.00200,
,,,-00.241000000000,  -0.00200,
,,,-00.240000000000,   0.00000,
,,,-00.239000000000,   0.00200,
,,,-00.238000000000,  -0.00200,
,,,-00.237000000000,   0.00000,
,,,-00.236000000000,  -0.01000,
,,,-00.235000000000,  -0.00800,
,,,-00.234000000000,  -0.00200,
,,,-00.233000000000,   0.00000,
,,,-00.232000000000,   0.00000,
,,,-00.231000000000,   0.00000,
,,,-00.230000000000,  -0.00200,
,,,-00.229000000000,  -0.00200,
,,,-00.228000000000,  -0.00400,
,,,-00.227000000000,  -0.00200,
,,,-00.226000000000,  -0.00400,
,,,-00.225000000000,   0.00000,
,,,-00.224000000000,   0.00000,
,,,-00.223000000000,   0.00600,
,,,-00.222000000000,   0.00200,
,,,-00.221000000000,   0.00000,
,,,-00.220000000000,   0.00000,
,,,-00.219000000000,  -0.00200,
,,,-00.218000000000,   0.00000,
,,,-00.217000000000,  -0.00600,
,,,-00.216000000000,  -0.00200,
,,,-00.215000000000,   0.00200,
,,,-00.214000000000,  -0.00400,
,,,-00.213000000000,   0.00000,
,,,-00.212000000000,  -0.00400,
,,,-00.211000000000,  -0.00600,
,,,-00.210000000000,  -0.00400,
,,,-00.209000000000,  -0.00400,
,,,-00.208000000000,  -0.00200,
,,,-00.207000000000,  -0.00600,
,,,-00.206000000000,  -0.01000,
,,,-00.205000000000,  -0.00600,
,,,-00.204000000000,  -0.00200,
,,,-00.203000000000,  -0.00600,
,,,-00.202000000000,   0.00000,
,,,-00.201000000000,  -0.00600,
,,,-00.200000000000,  -0.00200,
,,,-00.199000000000,  -0.00400,
,,,-00.198000000000,  -0.00600,
,,,-00.197000000000,  -0.00400,
,,,-00.196000000000,  -0.00400,
,,,-00.195000000000,  -0.00600,
,,,-00.194000000000,   0.00200,
,,,-00.193000000000,  -0.00200,
,,,-00.192000000000,  -0.00800,
,,,-00.191000000000,  -0.01000,
,,,-00.190000000000,  -0.01000,
,,,-00.189000000000,  -0.00800,
,,,-00.188000000000,  -0.00200,
,,,-00.187000000000,  -0.00200,
,,,-00.186000000000,  -0.00200,
,,,-00.185000000000,  -0.00200,
,,,-00.184000000000,  -0.00200,
,,,-00.183000000000,   0.00000,
,,,-00.182000000000,  -0.00600,
,,,-00.181000000000,  -0.00200,
,,,-00.180000000000,   0.00000,
,,,-00.179000000000,  -0.00600,
,,,-00.178000000000,  -0.00600,
,,,-00.177000000000,  -0.00600,
,,,-00.176000000000,  -0.00400,
,,,-00.175000000000,  -0.00200,
,,,-00.174000000000,  -0.00200,
,,,-00.173000000000,   0.00000,
,,,-00.172000000000,   0.00200,
,,,-00.171000000000,  -0.00200,
,,,-00.170000000000,   0.00000,
,,,-00.169000000000,   0.00000,
,,,-00.168000000000,  -0.00400,
,,,-00.167000000000,  -0.00200,
,,,-00.166000000000,  -0.00200,
,,,-00.165000000000,  -0.00400,
,,,-00.164000000000,  -0.00200,
,,,-00.163000000000,  -0.00800,
,,,-00.162000000000,  -0.00800,
,,,-00.161000000000,  -0.00400,
,,,-00.160000000000,  -0.00600,
,,,-00.159000000000,  -0.00400,
,,,-00.158000000000,  -0.00200,
,,,-00.157000000000,   0.00000,
,,,-00.156000000000,  -0.00200,
,,,-00.155000000000,  -0.00400,
,,,-00.154000000000,  -0.00400,
,,,-00.153000000000,   0.00200,
,,,-00.152000000000,  -0.00200,
,,,-00.151000000000,  -0.01000,
,,,-00.150000000000,  -0.00200,
,,,-00.149000000000,   0.00000,
,,,-00.148000000000,  -0.00800,
,,,-00.147000000000,  -0.00800,
,,,-00.146000000000,  -0.00800,
,,,-00.145000000000,  -0.00400,
,,,-00.144000000000,  -0.00800,
,,,-00.143000000000,  -0.00800,
,,,-00.142000000000,  -0.00200,
,,,-00.141000000000,  -0.00400,
,,,-00.140000000000,  -0.00600,
,,,-00.139000000000,  -0.00400,
,,,-00.138000000000,  -0.00600,
,,,-00.137000000000,  -0.00600,
,,,-00.136000000000,  -0.01000,
,,,-00.135000000000,  -0.00600,
,,,-00.134000000000,  -0.00600,
,,,-00.133000000000,  -0.00800,
,,,-00.132000000000,  -0.00400,
,,,-00.131000000000,  -0.00200,
,,,-00.130000000000,  -0.00800,
,,,-00.129000000000,   0.00000,
,,,-00.128000000000,   0.00800,
,,,-00.127000000000,  -0.00200,
,,,-00.126000000000,  -0.00200,
,,,-00.125000000000,   0.00000,
,,,-00.124000000000,  -0.00200,
,,,-00.123000000000,   0.00000,
,,,-00.122000000000,  -0.00400,
,,,-00.121000000000,  -0.00400,
,,,-00.120000000000,  -0.00600,
,,,-00.119000000000,  -0.00600,
,,,-00.118000000000,   0.00600,
,,,-00.117000000000,   0.00000,
,,,-00.116000000000,  -0.00400,
,,,-00.115000000000,   0.00000,
,,,-00.114000000000,   0.00000,
,,,-00.113000000000,  -0.00200,
,,,-00.112000000000,   0.00200,
,,,-00.111000000000,  -0.00200,
,,,-00.110000000000,   0.00200,
,,,-00.109000000000,  -0.00200,
,,,-00.108000000000,  -0.00400,
,,,-00.107000000000,  -0.00200,
,,,-00.106000000000,  -0.00800,
,,,-00.105000000000,  -0.00600,
,,,-00.104000000000,  -0.00200,
,,,-00.103000000000,  -0.00200,
,,,-00.102000000000,   0.00000,
,,,-00.101000000000,  -0.00200,
,,,-00.100000000000,  -0.00200,
,,,-00.099000000000,  -0.00200,
,,,-00.098000000000,  -0.00200,
,,,-00.097000000000,  -0.01000,
,,,-00.096000000000,  -0.00200,
,,,-00.095000000000,   0.00000,
,,,-00.094000000000,  -0.00400,
,,,-00.093000000000,  -0.00200,
,,,-00.092000000000,  -0.00600,
,,,-00.091000000000,  -0.00200,
,,,-00.090000000000,  -0.00600,
,,,-00.089000000000,  -0.00400,
,,,-00.088000000000,  -0.00600,
,,,-00.087000000000,  -0.00400,
,,,-00.086000000000,  -0.00600,
,,,-00.085000000000,  -0.00400,
,,,-00.084000000000,  -0.00600,
,,,-00.083000000000,  -0.00400,
,,,-00.082000000000,  -0.00400,
,,,-00.081000000000,  -0.00400,
,,,-00.080000000000,  -0.00200,
,,,-00.079000000000,  -0.00400,
,,,-00.078000000000,  -0.00600,
,,,-00.077000000000,  -0.00200,
,,,-00.076000000000,  -0.00600,
,,,-00.075000000000,  -0.01000,
,,,-00.074000000000,  -0.01000,
,,,-00.073000000000,  -0.00400,
,,,-00.072000000000,  -0.00600,
,,,-00.071000000000,  -0.00600,
,,,-00.070000000000,  -0.00400,
,,,-00.069000000000,  -0.00200,
,,,-00.068000000000,  -0.00200,
,,,-00.067000000000,  -0.00800,
,,,-00.066000000000,  -0.00400,
,,,-00.065000000000,  -0.00400,
,,,-00.064000000000,  -0.00800,
,,,-00.063000000000,   0.00200,
,,,-00.062000000000,   0.00000,
,,,-00.061000000000,  -0.00600,
,,,-00.060000000000,  -0.00200,
,,,-00.059000000000,  -0.00200,
,,,-00.058000000000,  -0.00400,
,,,-00.057000000000,   0.00000,
,,,-00.056000000000,  -0.00200,
,,,-00.055000000000,  -0.00600,
,,,-00.054000000000,  -0.00200,
,,,-00.053000000000,  -0.01000,
,,,-00.052000000000,  -0.00600,
,,,-00.051000000000,  -0.00800,
,,,-00.050000000000,  -0.00400,
,,,-00.049000000000,  -0.00400,
,,,-00.048000000000,  -0.00200,
,,,-00.047000000000,   0.00000,
,,,-00.046000000000,  -0.00200,
,,,-00.045000000000,  -0.00200,
,,,-00.044000000000,  -0.00200,
,,,-00.043000000000,  -0.00200,
,,,-00.042000000000,  -0.00400,
,,,-00.041000000000,   0.00000,
,,,-00.040000000000,   0.00000,
,,,-00.039000000000,   0.00000,
,,,-00.038000000000,  -0.00200,
,,,-00.037000000000,  -0.00200,
,,,-00.036000000000,   0.00600,
,,,-00.035000000000,   0.00000,
,,,-00.034000000000,  -0.00200,
,,,-00.033000000000,   0.00400,
,,,-00.032000000000,   0.00400,
,,,-00.031000000000,  -0.00400,
,,,-00.030000000000,  -0.00200,
,,,-00.029000000000,  -0.00400,
,,,-00.028000000000,  -0.00200,
,,,-00.027000000000,  -0.00400,
,,,-00.026000000000,  -0.00200,
,,,-00.025000000000,  -0.00200,
,,,-00.024000000000,  -0.00400,
,,,-00.023000000000,  -0.00800,
,,,-00.022000000000,   0.00000,
,,,-00.021000000000,  -0.00600,
,,,-00.020000000000,  -0.00200,
,,,-00.019000000000,   0.00000,
,,,-00.018000000000,  -0.00400,
,,,-00.017000000000,  -0.00400,
,,,-00.016000000000,  -0.00200,
,,,-00.015000000000,  -0.00400,
,,,-00.014000000000,  -0.00400,
,,,-00.013000000000,  -0.00600,
,,,-00.012000000000,  -0.01000,
,,,-00.011000000000,  -0.00200,
,,,-00.010000000000,  -0.00400,
,,,-00.009000000000,  -0.00400,
,,,-00.008000000000,   0.00000,
,,,-00.007000000000,  -0.00200,
,,,-00.006000000000,  -0.00200,
,,,-00.005000000000,  -0.00600,
,,,-00.004000000000,  -0.00400,
,,,-00.003000000000,   0.00000,
,,,-00.002000000000,   0.00000,
,,,-00.001000000000,  -0.00200,
,,,-00.000000000000,   0.00000,
,,,00.001000000000,  -0.00400,
,,,00.002000000000,  -0.00600,
,,,00.003000000000,  -0.00600,
,,,00.004000000000,  -0.00600,
,,,00.005000000000,  -0.00200,
,,,00.006000000000,  -0.00800,
,,,00.007000000000,  -0.00400,
,,,00.008000000000,   0.00000,
,,,00.009000000000,  -0.00400,
,,,00.010000000000,  -0.01000,
,,,00.011000000000,  -0.00200,
,,,00.012000000000,  -0.00400,
,,,00.013000000000,  -0.00200,
,,,00.014000000000,  -0.00200,
,,,00.015000000000,  -0.00200,
,,,00.016000000000,   0.00000,
,,,00.017000000000,   0.00000,
,,,00.018000000000,  -0.00400,
,,,00.019000000000,  -0.00200,
,,,00.020000000000,  -0.01000,
,,,00.021000000000,  -0.00200,
,,,00.022000000000,   0.00000,
,,,00.023000000000,  -0.00800,
,,,00.024000000000,  -0.00200,
,,,00.025000000000,  -0.00600,
,,,00.026000000000,  -0.00200,
,,,00.027000000000,   0.00000,
,,,00.028000000000,  -0.00400,
,,,00.029000000000,  -0.00400,
,,,00.030000000000,  -0.00200,
,,,00.031000000000,  -0.01200,
,,,00.032000000000,  -0.00600,
,,,00.033000000000,  -0.00200,
,,,00.034000000000,  -0.00600,
,,,00.035000000000,  -0.00600,
,,,00.036000000000,  -0.00200,
,,,00.037000000000,  -0.00800,
,,,00.038000000000,  -0.00800,
,,,00.039000000000,  -0.00600,
,,,00.040000000000,  -0.00400,
,,,00.041000000000,  -0.00800,
,,,00.042000000000,  -0.00600,
,,,00.043000000000,  -0.00600,
,,,00.044000000000,  -0.00400,
,,,00.045000000000,  -0.00800,
,,,00.046000000000,  -0.00200,
,,,00.047000000000,  -0.00800,
,,,00.048000000000,  -0.00400,
,,,00.049000000000,  -0.00400,
,,,00.050000000000,  -0.00800,
,,,00.051000000000,   0.00200,
,,,00.052000000000,  -0.00200,
,,,00.053000000000,  -0.00400,
,,,00.054000000000,  -0.00400,
,,,00.055000000000,  -0.00400,
,,,00.056000000000,  -0.00200,
,,,00.057000000000,  -0.00200,
,,,00.058000000000,  -0.00600,
,,,00.059000000000,  -0.00600,
,,,00.060000000000,  -0.00600,
,,,00.061000000000,  -0.00800,
,,,00.062000000000,  -0.00800,
,,,00.063000000000,   0.00200,
,,,00.064000000000,  -0.00600,
,,,00.065000000000,  -0.00400,
,,,00.066000000000,  -0.00600,
,,,00.067000000000,  -0.00800,
,,,00.068000000000,  -0.00600,
,,,00.069000000000,  -0.00600,
,,,00.070000000000,  -0.00600,
,,,00.071000000000,  -0.00400,
,,,00.072000000000,  -0.01000,
,,,00.073000000000,  -0.00400,
,,,00.074000000000,   0.00200,
,,,00.075000000000,  -0.00200,
,,,00.076000000000,  -0.00200,
,,,00.077000000000,   0.00200,
,,,00.078000000000,   0.00200,
,,,00.079000000000,   0.00600,
,,,00.080000000000,  -0.00200,
,,,00.081000000000,   0.00000,
,,,00.082000000000,  -0.00200,
,,,00.083000000000,   0.00000,
,,,00.084000000000,  -0.00200,
,,,00.085000000000,   0.00000,
,,,00.086000000000,   0.00000,
,,,00.087000000000,   0.00000,
,,,00.088000000000,   0.00200,
,,,00.089000000000,  -0.00200,
,,,00.090000000000,   0.00000,
,,,00.091000000000,  -0.00200,
,,,00.092000000000,  -0.00600,
,,,00.093000000000,  -0.00600,
,,,00.094000000000,  -0.00400,
,,,00.095000000000,   0.00000,
,,,00.096000000000,  -0.00600,
,,,00.097000000000,  -0.01200,
,,,00.098000000000,  -0.00200,
,,,00.099000000000,  -0.00600,
,,,00.100000000000,  -0.00600,
,,,00.101000000000,  -0.00600,
,,,00.102000000000,  -0.00400,
,,,00.103000000000,  -0.00400,
,,,00.104000000000,  -0.01000,
,,,00.105000000000,  -0.01200,
,,,00.106000000000,  -0.00200,
,,,00.107000000000,  -0.00400,
,,,00.108000000000,  -0.00800,
,,,00.109000000000,  -0.00200,
,,,00.110000000000,  -0.00200,
,,,00.111000000000,  -0.00400,
,,,00.112000000000,  -0.00600,
,,,00.113000000000,  -0.00600,
,,,00.114000000000,  -0.00200,
,,,00.115000000000,  -0.00600,
,,,00.116000000000,  -0.00400,
,,,00.117000000000,   0.00000,
,,,00.118000000000,  -0.00400,
,,,00.119000000000,  -0.00400,
,,,00.120000000000,  -0.00400,
,,,00.121000000000,  -0.00200,
,,,00.122000000000,  -0.00400,
,,,00.123000000000,  -0.00200,
,,,00.124000000000,  -0.00400,
,,,00.125000000000,   0.00200,
,,,00.126000000000,  -0.00400,
,,,00.127000000000,  -0.00600,
,,,00.128000000000,   0.00000,
,,,00.129000000000,  -0.00600,
,,,00.130000000000,  -0.01000,
,,,00.131000000000,  -0.00600,
,,,00.132000000000,  -0.01000,
,,,00.133000000000,  -0.00800,
,,,00.134000000000,  -0.00800,
,,,00.135000000000,  -0.01000,
,,,00.136000000000,  -0.00800,
,,,00.137000000000,  -0.00800,
,,,00.138000000000,  -0.00800,
,,,00.139000000000,  -0.00200,
,,,00.140000000000,  -0.00400,
,,,00.141000000000,  -0.00400,
,,,00.142000000000,  -0.00600,
,,,00.143000000000,  -0.00600,
,,,00.144000000000,  -0.00400,
,,,00.145000000000,  -0.00400,
,,,00.146000000000,   0.00200,
,,,00.147000000000,   0.00200,
,,,00.148000000000,   0.00000,
,,,00.149000000000,  -0.00200,
,,,00.150000000000,  -0.00400,
,,,00.151000000000,  -0.00400,
,,,00.152000000000,  -0.00200,
,,,00.153000000000,  -0.00200,
,,,00.154000000000,  -0.00400,
,,,00.155000000000,  -0.00200,
,,,00.156000000000,  -0.00600,
,,,00.157000000000,  -0.00800,
,,,00.158000000000,  -0.00200,
,,,00.159000000000,  -0.00800,
,,,00.160000000000,  -0.00400,
,,,00.161000000000,  -0.00400,
,,,00.162000000000,  -0.00800,
,,,00.163000000000,  -0.00200,
,,,00.164000000000,  -0.00200,
,,,00.165000000000,  -0.00200,
,,,00.166000000000,   0.00000,
,,,00.167000000000,  -0.00400,
,,,00.168000000000,  -0.00200,
,,,00.169000000000,   0.00200,
,,,00.170000000000,  -0.00400,
,,,00.171000000000,   0.00200,
,,,00.172000000000,   0.00600,
,,,00.173000000000,   0.00000,
,,,00.174000000000,  -0.00200,
,,,00.175000000000,   0.00000,
,,,00.176000000000,  -0.00200,
,,,00.177000000000,  -0.00200,
,,,00.178000000000,  -0.00600,
,,,00.179000000000,  -0.00600,
,,,00.180000000000,  -0.00200,
,,,00.181000000000,  -0.01000,
,,,00.182000000000,  -0.00600,
,,,00.183000000000,  -0.00200,
,,,00.184000000000,  -0.00400,
,,,00.185000000000,  -0.00400,
,,,00.186000000000,  -0.00600,
,,,00.187000000000,  -0.00400,
,,,00.188000000000,  -0.00800,
,,,00.189000000000,  -0.00400,
,,,00.190000000000,   0.00200,
,,,00.191000000000,  -0.00200,
,,,00.192000000000,   0.00200,
,,,00.193000000000,  -0.00400,
,,,00.194000000000,  -0.00200,
,,,00.195000000000,  -0.00400,
,,,00.196000000000,  -0.00400,
,,,00.197000000000,  -0.00400,
,,,00.198000000000,  -0.00200,
,,,00.199000000000,  -0.00200,
,,,00.200000000000,  -0.00400,
,,,00.201000000000,   0.00600,
,,,00.202000000000,   0.00400,
,,,00.203000000000,  -0.00200,
,,,00.204000000000,   0.00200,
,,,00.205000000000,   0.00000,
,,,00.206000000000,  -0.00200,
,,,00.207000000000,   0.00000,
,,,00.208000000000,  -0.00200,
,,,00.209000000000,  -0.00200,
,,,00.210000000000,  -0.00400,
,,,00.211000000000,  -0.00600,
,,,00.212000000000,  -0.00800,
,,,00.213000000000,  -0.00200,
,,,00.214000000000,  -0.00800,
,,,00.215000000000,  -0.00600,
,,,00.216000000000,  -0.00200,
,,,00.217000000000,  -0.00200,
,,,00.218000000000,  -0.00200,
,,,00.219000000000,  -0.00200,
,,,00.220000000000,   0.00000,
,,,00.221000000000,   0.00200,
,,,00.222000000000,  -0.00600,
,,,00.223000000000,   0.00200,
,,,00.224000000000,  -0.00200,
,,,00.225000000000,  -0.00400,
,,,00.226000000000,  -0.00400,
,,,00.227000000000,  -0.00400,
,,,00.228000000000,  -0.00200,
,,,00.229000000000,  -0.00400,
,,,00.230000000000,  -0.00800,
,,,00.231000000000,  -0.00400,
,,,00.232000000000,  -0.00800,
,,,00.233000000000,  -0.00400,
,,,00.234000000000,  -0.00800,
,,,00.235000000000,  -0.00800,
,,,00.236000000000,  -0.00600,
,,,00.237000000000,  -0.00400,
,,,00.238000000000,  -0.00400,
,,,00.239000000000,  -0.00800,
,,,00.240000000000,  -0.00600,
,,,00.241000000000,  -0.00200,
,,,00.242000000000,  -0.00400,
,,,00.243000000000,  -0.00200,
,,,00.244000000000,  -0.00400,
,,,00.245000000000,   0.00000,
,,,00.246000000000,  -0.00200,
,,,00.247000000000,  -0.00800,
,,,00.248000000000,  -0.00200,
,,,00.249000000000,  -0.00600,
,,,00.250000000000,  -0.00400,
,,,00.251000000000,  -0.00400,
,,,00.252000000000,  -0.00200,
,,,00.253000000000,  -0.00200,
,,,00.254000000000,  -0.00400,
,,,00.255000000000,  -0.00600,
,,,00.256000000000,  -0.00200,
,,,00.257000000000,  -0.00400,
,,,00.258000000000,   0.00000,
,,,00.259000000000,   0.00000,
,,,00.260000000000,   0.00200,
,,,00.261000000000,   0.00000,
,,,00.262000000000,  -0.00200,
,,,00.263000000000,  -0.00400,
,,,00.264000000000,   0.00200,
,,,00.265000000000,  -0.00200,
,,,00.266000000000,  -0.00400,
,,,00.267000000000,  -0.00600,
,,,00.268000000000,  -0.00200,
,,,00.269000000000,  -0.00600,
,,,00.270000000000,  -0.00200,
,,,00.271000000000,  -0.00400,
,,,00.272000000000,  -0.00200,
,,,00.273000000000,  -0.00200,
,,,00.274000000000,  -0.00400,
,,,00.275000000000,   0.00000,
,,,00.276000000000,   0.00000,
,,,00.277000000000,  -0.01000,
,,,00.278000000000,  -0.00600,
,,,00.279000000000,  -0.00600,
,,,00.280000000000,  -0.00800,
,,,00.281000000000,  -0.00600,
,,,00.282000000000,  -0.00600,
,,,00.283000000000,  -0.00200,
,,,00.284000000000,  -0.00400,
,,,00.285000000000,  -0.00200,
,,,00.286000000000,  -0.00200,
,,,00.287000000000,  -0.00800,
,,,00.288000000000,  -0.00200,
,,,00.289000000000,  -0.00600,
,,,00.290000000000,  -0.00600,
,,,00.291000000000,  -0.00400,
,,,00.292000000000,  -0.00200,
,,,00.293000000000,  -0.00200,
,,,00.294000000000,  -0.00400,
,,,00.295000000000,  -0.00600,
,,,00.296000000000,  -0.00800,
,,,00.297000000000,   0.00000,
,,,00.298000000000,  -0.00800,
,,,00.299000000000,  -0.00400,
,,,00.300000000000,  -0.00200,
,,,00.301000000000,  -0.00800,
,,,00.302000000000,  -0.00200,
,,,00.303000000000,  -0.00400,
,,,00.304000000000,  -0.00400,
,,,00.305000000000,  -0.00200,
,,,00.306000000000,  -0.00800,
,,,00.307000000000,  -0.00400,
,,,00.308000000000,  -0.00200,
,,,00.309000000000,  -0.00800,
,,,00.310000000000,  -0.00400,
,,,00.311000000000,  -0.00200,
,,,00.312000000000,  -0.00400,
,,,00.313000000000,   0.00000,
,,,00.314000000000,  -0.00400,
,,,00.315000000000,  -0.00200,
,,,00.316000000000,  -0.00200,
,,,00.317000000000,  -0.00800,
,,,00.318000000000,   0.00000,
,,,00.319000000000,  -0.00200,
,,,00.320000000000,  -0.00800,
,,,00.321000000000,  -0.00400,
,,,00.322000000000,  -0.00400,
,,,00.323000000000,  -0.00600,
,,,00.324000000000,  -0.00600,
,,,00.325000000000,  -0.00600,
,,,00.326000000000,  -0.00400,
,,,00.327000000000,  -0.00200,
,,,00.328000000000,  -0.01000,
,,,00.329000000000,   0.00600,
,,,00.330000000000,   0.00200,
,,,00.331000000000,  -0.00800,
,,,00.332000000000,  -0.00200,
,,,00.333000000000,  -0.00400,
,,,00.334000000000,  -0.00400,
,,,00.335000000000,  -0.00400,
,,,00.336000000000,  -0.00800,
,,,00.337000000000,  -0.01000,
,,,00.338000000000,  -0.00600,
,,,00.339000000000,  -0.00800,
,,,00.340000000000,  -0.00200,
,,,00.341000000000,  -0.00800,
,,,00.342000000000,  -0.00800,
,,,00.343000000000,  -0.00400,
,,,00.344000000000,  -0.00800,
,,,00.345000000000,  -0.00600,
,,,00.346000000000,  -0.00600,
,,,00.347000000000,  -0.00200,
,,,00.348000000000,   0.00000,
,,,00.349000000000,  -0.00200,
,,,00.350000000000,  -0.00400,
,,,00.351000000000,  -0.00200,
,,,00.352000000000,  -0.00200,
,,,00.353000000000,  -0.00600,
,,,00.354000000000,  -0.00600,
,,,00.355000000000,  -0.00400,
,,,00.356000000000,  -0.00400,
,,,00.357000000000,  -0.00600,
,,,00.358000000000,  -0.00600,
,,,00.359000000000,  -0.00600,
,,,00.360000000000,  -0.00200,
,,,00.361000000000,  -0.00600,
,,,00.362000000000,  -0.00200,
,,,00.363000000000,  -0.00400,
,,,00.364000000000,  -0.01200,
,,,00.365000000000,  -0.00600,
,,,00.366000000000,  -0.00600,
,,,00.367000000000,  -0.00200,
,,,00.368000000000,  -0.00400,
,,,00.369000000000,  -0.00600,
,,,00.370000000000,  -0.00200,
,,,00.371000000000,  -0.00400,
,,,00.372000000000,  -0.00800,
,,,00.373000000000,   0.00200,
,,,00.374000000000,  -0.00200,
,,,00.375000000000,  -0.00200,
,,,00.376000000000,  -0.00200,
,,,00.377000000000,  -0.00400,
,,,00.378000000000,  -0.00400,
,,,00.379000000000,  -0.00400,
,,,00.380000000000,  -0.00400,
,,,00.381000000000,   0.00000,
,,,00.382000000000,  -0.00200,
,,,00.383000000000,  -0.00600,
,,,00.384000000000,  -0.00200,
,,,00.385000000000,  -0.00400,
,,,00.386000000000,  -0.00200,
,,,00.387000000000,  -0.00200,
,,,00.388000000000,  -0.00200,
,,,00.389000000000,   0.00000,
,,,00.390000000000,   0.00000,
,,,00.391000000000,  -0.00200,
,,,00.392000000000,   0.00000,
,,,00.393000000000,  -0.00200,
,,,00.394000000000,   0.00000,
,,,00.395000000000,  -0.00200,
,,,00.396000000000,  -0.00200,
,,,00.397000000000,  -0.00200,
,,,00.398000000000,  -0.00200,
,,,00.399000000000,  -0.00200,
,,,00.400000000000,  -0.00200,
,,,00.401000000000,  -0.00600,
,,,00.402000000000,  -0.00200,
,,,00.403000000000,  -0.00600,
,,,00.404000000000,  -0.01000,
,,,00.405000000000,  -0.00600,
,,,00.406000000000,  -0.00400,
,,,00.407000000000,  -0.00400,
,,,00.408000000000,  -0.00600,
,,,00.409000000000,  -0.00800,
,,,00.410000000000,  -0.01000,
,,,00.411000000000,  -0.00800,
,,,00.412000000000,  -0.01000,
,,,00.413000000000,  -0.00800,
,,,00.414000000000,  -0.00600,
,,,00.415000000000,  -0.01000,
,,,00.416000000000,  -0.00200,
,,,00.417000000000,  -0.00400,
,,,00.418000000000,  -0.00400,
,,,00.419000000000,  -0.00400,
,,,00.420000000000,  -0.00600,
,,,00.421000000000,  -0.00800,
,,,00.422000000000,  -0.00400,
,,,00.423000000000,  -0.00800,
,,,00.424000000000,  -0.00400,
,,,00.425000000000,  -0.00600,
,,,00.426000000000,  -0.00800,
,,,00.427000000000,  -0.00400,
,,,00.428000000000,  -0.00200,
,,,00.429000000000,  -0.00200,
,,,00.430000000000,  -0.00400,
,,,00.431000000000,  -0.00800,
,,,00.432000000000,  -0.00400,
,,,00.433000000000,  -0.00200,
,,,00.434000000000,  -0.00600,
,,,00.435000000000,  -0.00600,
,,,00.436000000000,  -0.00200,
,,,00.437000000000,  -0.01000,
,,,00.438000000000,  -0.00800,
,,,00.439000000000,   0.00000,
,,,00.440000000000,  -0.00600,
,,,00.441000000000,  -0.00600,
,,,00.442000000000,  -0.00400,
,,,00.443000000000,  -0.00400,
,,,00.444000000000,  -0.00200,
,,,00.445000000000,   0.00000,
,,,00.446000000000,  -0.00400,
,,,00.447000000000,  -0.00200,
,,,00.448000000000,  -0.01000,
,,,00.449000000000,  -0.01000,
,,,00.450000000000,  -0.00600,
,,,00.451000000000,  -0.00800,
,,,00.452000000000,  -0.01000,
,,,00.453000000000,  -0.00400,
,,,00.454000000000,  -0.00600,
,,,00.455000000000,  -0.00600,
,,,00.456000000000,  -0.01000,
,,,00.457000000000,   0.00000,
,,,00.458000000000,  -0.00200,
,,,00.459000000000,  -0.00400,
,,,00.460000000000,   0.00000,
,,,00.461000000000,  -0.00400,
,,,00.462000000000,   0.00400,
,,,00.463000000000,   0.00000,
,,,00.464000000000,  -0.00400,
,,,00.465000000000,  -0.00200,
,,,00.466000000000,   0.00000,
,,,00.467000000000,  -0.00800,
,,,00.468000000000,  -0.00200,
,,,00.469000000000,  -0.00600,
,,,00.470000000000,  -0.00800,
,,,00.471000000000,  -0.00200,
,,,00.472000000000,  -0.00200,
,,,00.473000000000,   0.00000,
,,,00.474000000000,  -0.00200,
,,,00.475000000000,  -0.00200,
,,,00.476000000000,   0.00000,
,,,00.477000000000,  -0.00200,
,,,00.478000000000,  -0.00600,
,,,00.479000000000,  -0.00200,
,,,00.480000000000,   0.00200,
,,,00.481000000000,  -0.00200,
,,,00.482000000000,  -0.00200,
,,,00.483000000000,  -0.00200,
,,,00.484000000000,  -0.00200,
,,,00.485000000000,  -0.00200,
,,,00.486000000000,  -0.00200,
,,,00.487000000000,  -0.00200,
,,,00.488000000000,  -0.00400,
,,,00.489000000000,  -0.00400,
,,,00.490000000000,  -0.00600,
,,,00.491000000000,  -0.00200,
,,,00.492000000000,  -0.00400,
,,,00.493000000000,  -0.00600,
,,,00.494000000000,  -0.00800,
,,,00.495000000000,  -0.00200,
,,,00.496000000000,  -0.00200,
,,,00.497000000000,  -0.01000,
,,,00.498000000000,  -0.00200,
,,,00.499000000000,  -0.00600,
,,,00.500000000000,  -0.00600,
,,,00.501000000000,  -0.00400,
,,,00.502000000000,  -0.00400,
,,,00.503000000000,  -0.00600,
,,,00.504000000000,  -0.00400,
,,,00.505000000000,  -0.00400,
,,,00.506000000000,   0.00000,
,,,00.507000000000,  -0.00400,
,,,00.508000000000,   0.00200,
,,,00.509000000000,   0.00000,
,,,00.510000000000,   0.00200,
,,,00.511000000000,   0.00000,
,,,00.512000000000,  -0.00200,
,,,00.513000000000,  -0.00200,
,,,00.514000000000,  -0.00400,
,,,00.515000000000,  -0.00400,
,,,00.516000000000,  -0.00200,
,,,00.517000000000,  -0.00400,
,,,00.518000000000,  -0.00400,
,,,00.519000000000,  -0.00800,
,,,00.520000000000,  -0.00400,
,,,00.521000000000,  -0.00600,
,,,00.522000000000,  -0.00800,
,,,00.523000000000,  -0.00400,
,,,00.524000000000,  -0.00200,
,,,00.525000000000,  -0.00400,
,,,00.526000000000,  -0.00400,
,,,00.527000000000,  -0.00600,
,,,00.528000000000,  -0.00600,
,,,00.529000000000,  -0.00400,
,,,00.530000000000,  -0.00800,
,,,00.531000000000,  -0.00200,
,,,00.532000000000,  -0.00600,
,,,00.533000000000,  -0.00600,
,,,00.534000000000,  -0.00400,
,,,00.535000000000,  -0.00200,
,,,00.536000000000,  -0.00400,
,,,00.537000000000,  -0.00600,
,,,00.538000000000,  -0.00600,
,,,00.539000000000,   0.00000,
,,,00.540000000000,  -0.00200,
,,,00.541000000000,  -0.01000,
,,,00.542000000000,  -0.00200,
,,,00.543000000000,  -0.00600,
,,,00.544000000000,  -0.00600,
,,,00.545000000000,  -0.00400,
,,,00.546000000000,  -0.00800,
,,,00.547000000000,  -0.00400,
,,,00.548000000000,  -0.01000,
,,,00.549000000000,  -0.00600,
,,,00.550000000000,   0.00200,
,,,00.551000000000,  -0.01200,
,,,00.552000000000,  -0.00200,
,,,00.553000000000,  -0.00800,
,,,00.554000000000,  -0.00800,
,,,00.555000000000,  -0.00800,
,,,00.556000000000,  -0.00400,
,,,00.557000000000,  -0.00400,
,,,00.558000000000,  -0.00200,
,,,00.559000000000,  -0.00200,
,,,00.560000000000,  -0.00200,
,,,00.561000000000,  -0.00400,
,,,00.562000000000,   0.00000,
,,,00.563000000000,  -0.00600,
,,,00.564000000000,  -0.00400,
,,,00.565000000000,  -0.00600,
,,,00.566000000000,  -0.00200,
,,,00.567000000000,  -0.00200,
,,,00.568000000000,  -0.00200,
,,,00.569000000000,  -0.00200,
,,,00.570000000000,  -0.00400,
,,,00.571000000000,  -0.00200,
,,,00.572000000000,   0.00200,
,,,00.573000000000,  -0.01000,
,,,00.574000000000,  -0.00200,
,,,00.575000000000,  -0.00200,
,,,00.576000000000,  -0.00600,
,,,00.577000000000,  -0.00200,
,,,00.578000000000,  -0.00600,
,,,00.579000000000,  -0.00400,
